"","datetime","date","precip.mm","duration.hrs","max_5.mmhr","max_10.mmhr","max_15.mmhr","max_30.mmhr","max_60.mmhr","energy.mjha","ei30.mjmmhahr","not.baseflow.cutoff"
"40",2005-04-01 19:45:00,2005-04-01,70.23,29.75,13.518,13.518,13.518,12.438,11.761,11.445,142.344,TRUE
"41",2005-04-03 14:00:00,2005-04-03,3.06,3.5,3.312,3.312,3.312,2.614,1.469,0.326,0.852,TRUE
"42",2005-04-05 19:45:00,2005-04-05,0.47,5.75,0.23,0.187,0.187,0.171,0.164,0.038,0.006,TRUE
"43",2005-04-08 03:30:00,2005-04-08,1.03,2,6.345,3.706,2.826,1.685,0.878,0.054,0.092,TRUE
"44",2005-04-11 02:00:00,2005-04-11,0.04,0.75,0.26,0.14,0.1,0.06,0.04,0.002,0,FALSE
"45",2005-04-19 15:30:00,2005-04-19,0.09,1,0.496,0.376,0.336,0.175,0.094,0.006,0.001,FALSE
"46",2005-04-20 23:00:00,2005-04-20,0.93,1.5,2.323,1.684,1.471,1.377,0.926,0.081,0.112,FALSE
"47",2005-04-21 11:15:00,2005-04-21,0.38,2.75,0.661,0.458,0.391,0.331,0.273,0.03,0.01,FALSE
"48",2005-04-22 05:30:00,2005-04-22,2.86,4.5,2.419,2.419,2.419,2.289,1.978,0.3,0.686,TRUE
"49",2005-04-22 20:45:00,2005-04-22,7.79,8,13.551,7.113,7.113,5.889,4.43,0.895,5.271,TRUE
"50",2005-04-23 16:15:00,2005-04-23,24.53,10.5,45.714,45.714,45.714,38.866,23.307,6.248,242.844,TRUE
"51",2005-04-24 11:30:00,2005-04-24,0.8,5.75,0.409,0.409,0.409,0.3,0.232,0.067,0.02,TRUE
"52",2005-04-24 23:15:00,2005-04-24,0.79,12.25,0.64,0.64,0.64,0.424,0.331,0.066,0.028,TRUE
"53",2005-04-25 21:15:00,2005-04-25,0.58,4,0.244,0.196,0.196,0.178,0.178,0.048,0.008,FALSE
"54",2005-04-26 20:30:00,2005-04-26,2.81,4.75,3.739,3.739,3.739,2.31,1.307,0.301,0.695,TRUE
"55",2005-04-28 14:30:00,2005-04-28,0.04,3,0.244,0.124,0.084,0.044,0.024,0.002,0,FALSE
"56",2005-04-29 03:30:00,2005-04-29,0.12,4.25,0.166,0.142,0.142,0.101,0.066,0.009,0.001,FALSE
"57",2005-04-30 00:15:00,2005-04-30,23.45,30,4.572,4.572,4.572,3.579,2.631,2.653,9.494,TRUE
"58",2005-05-02 01:45:00,2005-05-02,0.04,0.5,0.28,0.16,0.12,0.08,0.04,0.002,0,FALSE
"59",2005-05-02 12:00:00,2005-05-02,2.39,5.5,3.24,3.24,3.24,2.964,1.707,0.264,0.783,FALSE
"60",2005-05-03 20:30:00,2005-05-03,0.87,9.25,0.253,0.253,0.253,0.218,0.178,0.071,0.016,FALSE
"61",2005-05-04 21:15:00,2005-05-04,0.05,2.75,0.182,0.122,0.102,0.053,0.029,0.003,0,FALSE
"62",2005-05-05 21:45:00,2005-05-05,0.07,1.75,0.16,0.1,0.096,0.088,0.049,0.005,0,FALSE
"63",2005-05-10 00:00:00,2005-05-10,0.21,4.5,0.16,0.1,0.098,0.098,0.091,0.017,0.002,FALSE
"64",2005-05-10 21:30:00,2005-05-10,0.04,0.5,0.19,0.13,0.11,0.085,0.04,0.003,0,FALSE
"65",2005-05-11 14:30:00,2005-05-11,0.04,0.25,0.313,0.213,0.18,0.08,0.04,0.002,0,FALSE
"66",2005-05-11 21:00:00,2005-05-11,0.38,9.5,0.404,0.404,0.404,0.224,0.208,0.031,0.007,FALSE
"67",2005-05-14 19:45:00,2005-05-14,2.71,4.25,4.711,4.711,4.711,4.125,2.456,0.329,1.355,FALSE
"68",2005-05-16 00:30:00,2005-05-16,1.45,1.25,3.777,3.626,3.575,1.978,1.371,0.165,0.327,FALSE
"69",2005-05-18 23:00:00,2005-05-18,0.01,0,0.12,0.06,0.04,0.02,0.01,0,0,FALSE
"70",2005-05-19 21:00:00,2005-05-19,28.16,17.5,6.708,6.708,6.708,6.329,5.251,3.568,22.581,TRUE
"71",2005-05-21 17:30:00,2005-05-21,0.06,0.5,0.353,0.233,0.193,0.127,0.06,0.004,0,FALSE
"72",2005-05-22 22:45:00,2005-05-22,3.22,0.75,9.049,9.049,9.049,6.327,3.22,0.549,3.473,FALSE
"73",2005-05-24 13:45:00,2005-05-24,10.79,4,9.506,6.605,6.605,6.248,4.533,1.33,8.313,TRUE
"74",2005-05-25 07:00:00,2005-05-25,2.55,2.25,3.255,2.932,2.932,2.225,1.341,0.258,0.574,FALSE
"75",2005-06-02 22:30:00,2005-06-02,14.42,21.25,7.929,7.929,7.929,7.902,6.12,1.847,14.599,TRUE
"76",2005-06-06 17:15:00,2005-06-06,22.94,4.75,33.467,33.467,33.467,27.849,15.037,5.118,142.52,TRUE
"77",2005-06-09 19:30:00,2005-06-09,5.16,1.25,17.988,11.92,9.897,7.04,5.079,0.591,4.163,TRUE
"78",2005-06-10 21:00:00,2005-06-10,0.17,0.5,0.839,0.7,0.653,0.347,0.17,0.013,0.005,FALSE
"79",2005-06-13 16:00:00,2005-06-13,0.4,2,0.911,0.911,0.911,0.615,0.375,0.036,0.022,FALSE
"80",2005-06-22 06:15:00,2005-06-22,0.08,2.75,0.254,0.148,0.113,0.094,0.05,0.005,0,FALSE
"81",2005-06-22 17:30:00,2005-06-22,0.03,0.5,0.211,0.143,0.12,0.068,0.03,0.002,0,FALSE
"82",2005-06-27 07:30:00,2005-06-27,6.03,10,11.61,11.61,11.61,6.089,3.329,1.012,6.165,TRUE
"83",2005-06-28 14:00:00,2005-06-28,11.03,7.25,7.843,7.843,7.843,6.758,5.403,1.628,11.003,TRUE
"84",2005-06-29 04:15:00,2005-06-29,0.02,0,0.24,0.12,0.08,0.04,0.02,0,0,TRUE
"85",2005-07-05 12:00:00,2005-07-05,7,1,17.757,17.372,17.243,10.723,6.998,1.381,14.806,FALSE
"86",2005-07-05 20:00:00,2005-07-05,4.71,3.5,4.918,4.918,4.918,4.138,3.328,0.611,2.526,TRUE
"87",2005-07-07 12:45:00,2005-07-07,59.14,21.75,14.473,14.473,14.473,14.041,11.868,10.205,143.282,TRUE
"88",2005-07-14 13:30:00,2005-07-14,3.48,15.5,3.768,3.768,3.768,3.266,1.875,0.386,1.259,FALSE
"89",2005-07-15 15:30:00,2005-07-15,1.86,7.75,5.117,4.406,4.169,2.8,1.436,0.204,0.572,TRUE
"90",2005-07-16 08:15:00,2005-07-16,9.29,5,16.901,16.901,16.901,13.41,7.625,1.744,23.389,TRUE
"91",2005-07-16 20:00:00,2005-07-16,6.89,5,12.085,12.085,12.085,6.85,4.536,1.05,7.192,TRUE
"92",2005-07-17 13:45:00,2005-07-17,0.76,1.5,2.328,2.264,2.243,1.187,0.608,0.081,0.096,FALSE
"93",2005-07-18 05:00:00,2005-07-18,0.04,0.25,0.4,0.22,0.16,0.08,0.04,0.001,0,FALSE
"94",2005-07-19 15:15:00,2005-07-19,0.02,0,0.24,0.12,0.08,0.04,0.02,0,0,FALSE
"95",2005-07-21 15:30:00,2005-07-21,1.33,2.75,1.755,1.755,1.755,1.063,0.717,0.125,0.133,FALSE
"96",2005-07-22 23:15:00,2005-07-22,0.06,0.25,0.393,0.285,0.249,0.12,0.06,0.004,0,FALSE
"97",2005-07-24 23:30:00,2005-07-24,15.19,6,29.016,29.016,29.016,21.006,13.419,3.383,71.069,TRUE
"98",2005-07-25 18:30:00,2005-07-25,0.03,0.25,0.324,0.18,0.132,0.06,0.03,0.001,0,FALSE
"99",2005-07-27 16:45:00,2005-07-27,5.19,2.5,9.044,7.978,7.978,7.313,4.609,0.716,5.239,TRUE
"100",2005-08-05 22:15:00,2005-08-05,0.92,2.5,1.468,1.468,1.468,1.028,0.83,0.087,0.089,FALSE
"101",2005-08-07 05:00:00,2005-08-07,5.68,7.5,8.973,8.973,8.973,7.609,4.591,0.864,6.571,TRUE
"102",2005-08-08 03:45:00,2005-08-08,0.03,0.5,0.166,0.106,0.086,0.063,0.03,0.002,0,FALSE
"103",2005-08-08 14:15:00,2005-08-08,12.13,24.75,11.991,11.991,11.991,10.405,7.217,1.886,19.624,TRUE
"104",2005-08-11 13:30:00,2005-08-11,0.2,2.25,0.52,0.52,0.52,0.28,0.153,0.016,0.005,FALSE
"105",2005-08-13 13:15:00,2005-08-13,0.17,4.75,0.573,0.573,0.573,0.288,0.145,0.015,0.004,FALSE
"106",2005-08-14 07:15:00,2005-08-14,0.05,0,0.6,0.3,0.2,0.1,0.05,0,0,FALSE
"107",2005-08-14 23:15:00,2005-08-14,0.02,0.25,0.16,0.1,0.08,0.04,0.02,0.001,0,FALSE
"108",2005-08-15 20:30:00,2005-08-15,7.1,22,5.728,5.728,5.728,5.719,4.388,0.924,5.283,TRUE
"109",2005-08-17 20:15:00,2005-08-17,0.26,7.5,0.24,0.18,0.16,0.12,0.103,0.021,0.002,FALSE
"110",2005-08-19 03:30:00,2005-08-19,4.32,8,4.388,4.388,4.388,4.283,2.991,0.524,2.243,TRUE
"111",2005-08-21 12:30:00,2005-08-21,0.28,15,0.273,0.153,0.113,0.102,0.09,0.022,0.002,FALSE
"112",2005-08-22 15:30:00,2005-08-22,0.08,8.75,0.242,0.122,0.082,0.042,0.022,0.005,0,FALSE
"113",2005-08-24 13:15:00,2005-08-24,0.02,0,0.24,0.12,0.08,0.04,0.02,0,0,FALSE
"114",2005-08-24 20:00:00,2005-08-24,0.19,6,0.36,0.36,0.36,0.22,0.137,0.015,0.003,FALSE
"115",2005-08-25 20:15:00,2005-08-25,0.11,3.25,0.2,0.14,0.12,0.1,0.076,0.008,0.001,FALSE
"116",2005-08-27 01:15:00,2005-08-27,9.07,31,3.378,3.378,3.378,2.853,2.478,0.979,2.794,TRUE
"117",2005-08-28 20:15:00,2005-08-28,0.78,7,0.56,0.36,0.322,0.3,0.269,0.063,0.019,FALSE
"118",2005-08-29 20:15:00,2005-08-29,0.24,4.25,0.17,0.11,0.107,0.085,0.083,0.019,0.002,FALSE
"119",2005-08-30 20:30:00,2005-08-30,0.59,1.5,1.124,1.124,1.124,0.856,0.537,0.054,0.046,FALSE
"120",2005-08-31 20:30:00,2005-08-31,0.4,5.75,0.31,0.19,0.15,0.122,0.1,0.032,0.004,FALSE
"121",2005-09-01 12:00:00,2005-09-01,0.02,0,0.24,0.12,0.08,0.04,0.02,0,0,FALSE
"122",2005-09-01 19:30:00,2005-09-01,1.14,8.5,0.258,0.204,0.204,0.2,0.191,0.094,0.019,FALSE
"123",2005-09-02 20:00:00,2005-09-02,0.18,2.75,0.18,0.12,0.112,0.092,0.081,0.014,0.001,FALSE
"124",2005-09-03 19:30:00,2005-09-03,0.8,6.5,0.367,0.255,0.217,0.202,0.189,0.066,0.013,FALSE
"125",2005-09-04 19:45:00,2005-09-04,0.24,3.75,0.225,0.15,0.126,0.103,0.082,0.019,0.002,FALSE
"126",2005-09-05 20:45:00,2005-09-05,0.02,0.25,0.16,0.1,0.08,0.04,0.02,0.001,0,FALSE
"127",2005-09-06 20:00:00,2005-09-06,0.01,0,0.12,0.06,0.04,0.02,0.01,0,0,FALSE
"128",2005-09-07 20:00:00,2005-09-07,0.02,0,0.24,0.12,0.08,0.04,0.02,0,0,FALSE
"129",2005-09-08 19:45:00,2005-09-08,0.43,5.5,0.338,0.218,0.178,0.149,0.106,0.034,0.005,FALSE
"130",2005-09-09 19:30:00,2005-09-09,0.63,6,0.2,0.16,0.16,0.14,0.131,0.052,0.007,FALSE
"131",2005-09-10 19:30:00,2005-09-10,0.22,3.25,0.306,0.207,0.173,0.142,0.114,0.017,0.002,FALSE
"132",2005-09-11 19:30:00,2005-09-11,0.17,2.5,0.193,0.133,0.131,0.122,0.093,0.013,0.002,FALSE
"133",2005-09-12 20:15:00,2005-09-12,0.16,7,0.16,0.105,0.105,0.085,0.065,0.013,0.001,FALSE
"134",2005-09-13 19:30:00,2005-09-13,0.17,3.75,0.273,0.153,0.113,0.073,0.06,0.012,0.001,FALSE
"135",2005-09-14 13:30:00,2005-09-14,0.09,0.5,0.588,0.324,0.236,0.186,0.09,0.004,0.001,FALSE
"136",2005-09-14 20:30:00,2005-09-14,0.03,0.5,0.21,0.12,0.09,0.06,0.03,0.001,0,FALSE
"137",2005-09-15 07:00:00,2005-09-15,1.3,19.5,0.247,0.247,0.247,0.241,0.236,0.108,0.026,FALSE
"138",2005-09-21 15:00:00,2005-09-21,2.05,12.5,0.422,0.422,0.422,0.413,0.383,0.175,0.072,FALSE
"139",2005-09-23 22:15:00,2005-09-23,0.12,2.5,0.24,0.14,0.107,0.083,0.072,0.008,0.001,FALSE
"140",2005-09-26 13:15:00,2005-09-26,1.61,13.5,1.221,0.988,0.988,0.794,0.694,0.138,0.11,FALSE
"141",2005-09-27 19:15:00,2005-09-27,1.29,8,0.306,0.253,0.253,0.24,0.227,0.108,0.026,FALSE
"142",2005-09-30 20:15:00,2005-09-30,0.19,4,0.16,0.1,0.08,0.08,0.053,0.015,0.001,FALSE
"143",2005-10-01 21:15:00,2005-10-01,0.13,3.75,0.248,0.128,0.088,0.06,0.05,0.009,0.001,FALSE
"144",2005-10-02 20:00:00,2005-10-02,0.94,9.5,0.232,0.196,0.196,0.193,0.171,0.077,0.015,FALSE
"145",2005-10-03 19:15:00,2005-10-03,0.63,5.75,0.186,0.173,0.173,0.162,0.16,0.052,0.008,FALSE
"146",2005-10-05 20:15:00,2005-10-05,0.23,4,0.173,0.113,0.093,0.077,0.074,0.018,0.001,FALSE
"147",2005-10-07 03:00:00,2005-10-07,207.14,39.25,24.811,24.811,24.811,22.256,17.536,41.488,923.362,TRUE
"148",2005-10-11 01:15:00,2005-10-11,0.59,6.75,0.8,0.8,0.8,0.654,0.39,0.052,0.034,FALSE
"149",2005-10-11 15:30:00,2005-10-11,0.02,3.75,0.096,0.06,0.048,0.026,0.015,0.001,0,FALSE
"150",2005-10-12 21:45:00,2005-10-12,2.25,7,2.442,1.923,1.75,1.257,0.934,0.201,0.253,FALSE
"151",2005-10-13 13:15:00,2005-10-13,1.28,11.25,2.031,1.192,0.912,0.589,0.448,0.099,0.058,TRUE
"152",2005-10-14 20:15:00,2005-10-14,2.47,8.75,0.726,0.726,0.726,0.649,0.545,0.214,0.139,FALSE
"153",2005-10-15 19:30:00,2005-10-15,0.25,6.75,0.18,0.12,0.1,0.089,0.081,0.019,0.002,FALSE
"154",2005-10-17 19:45:00,2005-10-17,0.32,6,0.244,0.244,0.244,0.142,0.103,0.025,0.004,FALSE
"155",2005-10-19 00:15:00,2005-10-19,0.13,2.75,0.26,0.14,0.107,0.073,0.063,0.009,0.001,FALSE
"156",2005-10-19 23:00:00,2005-10-19,0.12,4.25,0.16,0.102,0.102,0.098,0.082,0.009,0.001,FALSE
"157",2005-10-20 13:45:00,2005-10-20,6.77,21.75,1.865,1.865,1.865,1.407,1.203,0.632,0.889,TRUE
"158",2005-10-21 21:15:00,2005-10-21,11.98,11,6.33,6.33,6.33,5.948,4.925,1.579,9.391,TRUE
"159",2005-10-22 15:15:00,2005-10-22,3.99,4.75,3.276,3.276,3.276,2.676,1.616,0.428,1.146,TRUE
"160",2005-10-23 18:15:00,2005-10-23,1.43,11,1.024,1.024,1.024,0.78,0.398,0.124,0.097,FALSE
"161",2005-10-24 17:45:00,2005-10-24,27.92,30,7.54,7.54,7.54,7.298,4.903,3.642,26.579,TRUE
"162",2005-10-26 15:15:00,2005-10-26,1.38,10.75,0.76,0.604,0.604,0.578,0.411,0.115,0.067,FALSE
"163",2005-10-27 21:00:00,2005-10-27,0.23,4.25,0.16,0.1,0.093,0.084,0.08,0.018,0.002,FALSE
"164",2005-10-28 08:45:00,2005-10-28,0.08,0.75,0.244,0.184,0.164,0.147,0.08,0.006,0.001,FALSE
"165",2005-10-28 18:30:00,2005-10-28,1.05,8.75,0.262,0.262,0.262,0.202,0.19,0.087,0.018,FALSE
"166",2005-10-29 18:00:00,2005-10-29,0.59,6.75,0.24,0.147,0.147,0.136,0.128,0.047,0.006,FALSE
"167",2005-10-30 20:30:00,2005-10-30,0.03,0.25,0.28,0.16,0.12,0.06,0.03,0.001,0,FALSE
"232",2006-04-01 00:00:00,2006-04-01,0.33,0.75,1.423,1.123,1.024,0.59,0.33,0.025,0.015,FALSE
"233",2006-04-01 07:00:00,2006-04-01,0.26,4.75,0.341,0.341,0.341,0.275,0.187,0.021,0.006,FALSE
"234",2006-04-02 22:15:00,2006-04-02,0.81,14.5,0.394,0.394,0.394,0.297,0.16,0.066,0.02,FALSE
"235",2006-04-03 18:45:00,2006-04-03,17.04,3,31.134,29.149,28.488,18.274,15.108,3.644,66.599,TRUE
"236",2006-04-07 07:15:00,2006-04-07,0.3,1,1.12,0.64,0.48,0.333,0.298,0.019,0.006,FALSE
"237",2006-04-07 20:45:00,2006-04-07,30.42,17.75,5.295,4.879,4.782,4.558,4.079,3.762,17.148,TRUE
"238",2006-04-10 20:45:00,2006-04-10,0.16,4.75,0.28,0.16,0.12,0.08,0.064,0.011,0.001,FALSE
"239",2006-04-11 21:00:00,2006-04-11,0.07,3,0.16,0.1,0.1,0.07,0.039,0.005,0,FALSE
"240",2006-04-13 04:00:00,2006-04-13,0.35,0.75,0.76,0.76,0.76,0.662,0.35,0.031,0.021,FALSE
"241",2006-04-13 21:30:00,2006-04-13,0.49,16.5,0.352,0.352,0.352,0.33,0.195,0.041,0.013,FALSE
"242",2006-04-14 21:30:00,2006-04-14,3.92,1.5,8.388,8.388,8.388,6.78,3.808,0.629,4.266,TRUE
"243",2006-04-19 02:15:00,2006-04-19,0.02,0,0.24,0.12,0.08,0.04,0.02,0,0,FALSE
"244",2006-04-20 20:15:00,2006-04-20,1.38,7.25,0.39,0.39,0.39,0.365,0.346,0.117,0.043,FALSE
"245",2006-04-21 14:45:00,2006-04-21,63.25,32.75,17.951,17.951,17.951,17.682,15.466,11.476,202.914,TRUE
"246",2006-04-23 11:15:00,2006-04-23,4.37,1,26.029,17.663,14.875,7.713,4.368,0.508,3.918,TRUE
"247",2006-04-23 20:45:00,2006-04-23,0.33,0.5,1.079,0.78,0.68,0.651,0.33,0.025,0.016,TRUE
"248",2006-04-24 05:00:00,2006-04-24,0.02,0,0.24,0.12,0.08,0.04,0.02,0,0,TRUE
"249",2006-04-25 20:15:00,2006-04-25,4.16,5,2.959,2.959,2.959,2.331,1.892,0.427,0.994,TRUE
"250",2006-04-26 21:30:00,2006-04-26,0.24,1.75,1.279,0.8,0.64,0.347,0.2,0.013,0.005,FALSE
"251",2006-05-04 23:00:00,2006-05-04,0.14,2.25,0.28,0.16,0.129,0.098,0.089,0.01,0.001,FALSE
"252",2006-05-05 20:45:00,2006-05-05,0.22,4,0.32,0.2,0.16,0.094,0.072,0.017,0.002,FALSE
"253",2006-05-07 20:00:00,2006-05-07,2.03,6.5,1.532,1.532,1.532,1.094,0.847,0.188,0.206,FALSE
"254",2006-05-08 10:15:00,2006-05-08,1.27,5.75,0.74,0.694,0.694,0.608,0.409,0.109,0.066,FALSE
"255",2006-05-09 23:00:00,2006-05-09,0.08,1,0.24,0.18,0.16,0.09,0.077,0.006,0.001,FALSE
"256",2006-05-10 21:00:00,2006-05-10,0.34,3,0.289,0.209,0.182,0.151,0.142,0.027,0.004,FALSE
"257",2006-05-11 12:30:00,2006-05-11,46.65,11,58.185,58.185,58.185,48.108,30.965,10.943,526.429,TRUE
"258",2006-05-12 20:15:00,2006-05-12,3.27,17,1.493,1.493,1.493,1.21,1.127,0.302,0.366,TRUE
"259",2006-05-13 21:00:00,2006-05-13,0.95,7.5,0.536,0.398,0.363,0.327,0.312,0.079,0.026,FALSE
"260",2006-05-15 00:45:00,2006-05-15,3.46,14.75,8.924,6.135,5.205,3.031,1.975,0.313,0.948,TRUE
"261",2006-05-15 21:45:00,2006-05-15,0.2,1,0.509,0.365,0.317,0.243,0.2,0.015,0.004,FALSE
"262",2006-05-17 13:45:00,2006-05-17,0.56,0.5,1.686,1.573,1.535,1.127,0.56,0.055,0.062,FALSE
"263",2006-05-18 11:45:00,2006-05-18,2.42,3.75,7.666,7.666,7.666,4.708,2.36,0.391,1.841,TRUE
"264",2006-05-18 21:30:00,2006-05-18,2.56,17.75,3.077,3.077,3.077,3.068,1.62,0.286,0.878,TRUE
"265",2006-05-20 03:00:00,2006-05-20,0.5,1.75,1.252,0.959,0.862,0.511,0.355,0.039,0.02,FALSE
"266",2006-05-24 20:45:00,2006-05-24,0.04,1.75,0.16,0.1,0.08,0.044,0.026,0.002,0,FALSE
"267",2006-05-25 11:15:00,2006-05-25,0.14,2,0.349,0.227,0.227,0.186,0.099,0.009,0.002,FALSE
"268",2006-05-25 21:15:00,2006-05-25,0.04,3,0.247,0.127,0.087,0.047,0.027,0.002,0,FALSE
"269",2006-05-26 09:45:00,2006-05-26,0.36,6,0.866,0.501,0.379,0.263,0.141,0.025,0.007,FALSE
"270",2006-05-28 18:45:00,2006-05-28,0.12,4,0.25,0.13,0.09,0.05,0.035,0.008,0,FALSE
"271",2006-05-30 23:30:00,2006-05-30,0.01,0,0.12,0.06,0.04,0.02,0.01,0,0,FALSE
"272",2006-06-01 16:45:00,2006-06-01,12.52,5.25,16.897,16.897,16.897,13.365,7.522,2.272,30.361,TRUE
"273",2006-06-02 18:30:00,2006-06-02,15.9,14.75,17.822,17.822,17.822,10.955,5.919,2.561,28.052,TRUE
"274",2006-06-08 23:45:00,2006-06-08,0.16,1.5,0.574,0.323,0.239,0.156,0.131,0.01,0.002,FALSE
"275",2006-06-09 11:30:00,2006-06-09,6.15,4.25,13.096,13.096,13.096,10.227,5.661,1.135,11.606,TRUE
"276",2006-06-09 21:45:00,2006-06-09,0.14,0.5,0.499,0.428,0.404,0.27,0.14,0.011,0.003,FALSE
"277",2006-06-12 04:45:00,2006-06-12,5.08,4,2.951,2.951,2.951,2.934,2.747,0.574,1.684,FALSE
"278",2006-06-14 18:30:00,2006-06-14,10.26,0.5,34.253,33.422,33.145,20.506,10.26,2.589,53.086,FALSE
"279",2006-06-19 14:15:00,2006-06-19,1.69,3.5,2.896,2.896,2.896,2.687,1.631,0.193,0.518,FALSE
"280",2006-06-20 05:00:00,2006-06-20,2.43,2.25,17.455,9.483,6.826,3.493,1.786,0.106,0.371,TRUE
"281",2006-06-22 06:45:00,2006-06-22,0.35,1.25,1.434,1.183,1.099,0.585,0.335,0.029,0.017,FALSE
"282",2006-06-22 22:45:00,2006-06-22,23.44,4,21.62,21.256,21.135,17.755,15.937,5.065,89.921,TRUE
"283",2006-06-23 13:30:00,2006-06-23,0.04,0,0.48,0.24,0.16,0.08,0.04,0,0,FALSE
"284",2006-06-23 23:45:00,2006-06-23,0.15,0.5,0.548,0.402,0.353,0.297,0.15,0.011,0.003,FALSE
"285",2006-06-24 13:15:00,2006-06-24,27.15,6.25,27.118,27.118,27.118,15.583,10.113,5.178,80.685,TRUE
"286",2006-06-25 01:45:00,2006-06-25,112.74,45.75,61.773,61.773,61.773,56.295,34.947,22.372,1259.438,TRUE
"287",2006-06-27 06:15:00,2006-06-27,24.35,22.25,13.908,13.908,13.908,7.491,5.382,3.442,25.783,TRUE
"288",2006-06-29 00:45:00,2006-06-29,0.03,0.25,0.221,0.149,0.125,0.06,0.03,0.002,0,TRUE
"289",2006-06-29 15:45:00,2006-06-29,0.02,0.25,0.144,0.09,0.072,0.04,0.02,0.001,0,TRUE
"290",2006-07-02 18:15:00,2006-07-02,0.06,0.25,0.5,0.29,0.22,0.12,0.06,0.002,0,FALSE
"291",2006-07-03 03:00:00,2006-07-03,5.02,0.75,11.941,11.941,11.941,9.023,5.02,0.928,8.369,TRUE
"292",2006-07-03 19:15:00,2006-07-03,21.98,0.75,50.19,50.19,50.19,41.342,21.98,5.974,246.977,TRUE
"293",2006-07-04 14:30:00,2006-07-04,20.83,0.75,75.574,69.173,67.039,36.568,20.83,5.277,192.985,TRUE
"294",2006-07-04 23:15:00,2006-07-04,27.32,29,6.242,6.242,6.242,6.149,5.327,3.551,21.833,TRUE
"295",2006-07-12 14:15:00,2006-07-12,5.59,14.5,5.68,5.68,5.68,3.614,2.204,0.661,2.387,TRUE
"296",2006-07-13 14:15:00,2006-07-13,15.28,1.25,63.235,42.739,35.908,23.931,15.241,2.707,64.781,TRUE
"297",2006-07-15 08:30:00,2006-07-15,0.04,0.25,0.336,0.21,0.168,0.08,0.04,0.002,0,FALSE
"298",2006-07-15 15:00:00,2006-07-15,0.99,1,4.449,3.19,2.771,1.427,0.989,0.081,0.115,FALSE
"299",2006-07-18 19:15:00,2006-07-18,2.37,1.25,6.112,5.309,5.041,2.72,2.202,0.278,0.756,FALSE
"300",2006-07-22 13:45:00,2006-07-22,17.38,6,25.585,25.585,25.585,21.095,13.122,3.545,74.777,TRUE
"301",2006-07-23 05:00:00,2006-07-23,0.03,0.25,0.2,0.14,0.12,0.06,0.03,0.002,0,TRUE
"302",2006-07-27 16:45:00,2006-07-27,1.34,6.25,1.246,1.246,1.246,1.24,0.778,0.128,0.158,FALSE
"303",2006-07-28 06:45:00,2006-07-28,0.45,6,1.2,1.2,1.2,0.605,0.308,0.038,0.023,FALSE
"304",2006-08-04 01:30:00,2006-08-04,0.04,0.25,0.46,0.25,0.18,0.08,0.04,0.001,0,FALSE
"305",2006-08-07 02:15:00,2006-08-07,0.84,2.75,1.599,1.599,1.599,0.929,0.547,0.079,0.073,FALSE
"306",2006-08-07 17:30:00,2006-08-07,14.35,1.75,44.491,44.491,44.491,24.636,13.534,3.553,87.525,TRUE
"307",2006-08-08 01:15:00,2006-08-08,0.06,0,0.72,0.36,0.24,0.12,0.06,0,0,TRUE
"308",2006-08-10 11:00:00,2006-08-10,3.49,3,2.34,2.34,2.34,2.327,1.843,0.371,0.863,FALSE
"309",2006-08-11 10:45:00,2006-08-11,0.02,0.25,0.16,0.1,0.08,0.04,0.02,0.001,0,FALSE
"310",2006-08-20 14:45:00,2006-08-20,0.1,0.25,0.755,0.503,0.419,0.2,0.1,0.005,0.001,FALSE
"311",2006-08-22 20:45:00,2006-08-22,0.11,5.5,0.263,0.158,0.123,0.102,0.062,0.008,0.001,FALSE
"312",2006-08-23 23:00:00,2006-08-23,0.05,2.5,0.293,0.167,0.124,0.067,0.038,0.002,0,FALSE
"313",2006-08-24 15:45:00,2006-08-24,0.11,6.75,0.32,0.2,0.16,0.082,0.044,0.007,0.001,FALSE
"314",2006-08-25 21:30:00,2006-08-25,0.1,2.25,0.16,0.1,0.08,0.08,0.055,0.007,0.001,FALSE
"315",2006-08-27 02:15:00,2006-08-27,2.78,2,5.28,5.28,5.28,4.517,2.635,0.376,1.7,FALSE
"316",2006-08-27 14:15:00,2006-08-27,0.74,10,1.237,1.237,1.237,0.745,0.422,0.066,0.049,FALSE
"317",2006-08-28 20:00:00,2006-08-28,1.05,4.75,0.719,0.489,0.412,0.363,0.316,0.087,0.031,FALSE
"318",2006-08-29 19:45:00,2006-08-29,0.17,2.5,0.19,0.13,0.12,0.115,0.102,0.013,0.002,FALSE
"319",2006-08-30 06:00:00,2006-08-30,0.21,1.75,0.369,0.369,0.369,0.214,0.156,0.017,0.004,FALSE
"320",2006-08-30 20:15:00,2006-08-30,0.49,7.75,0.375,0.222,0.173,0.153,0.136,0.039,0.006,FALSE
"321",2006-08-31 19:45:00,2006-08-31,0.05,1.75,0.16,0.1,0.08,0.047,0.028,0.004,0,FALSE
"322",2006-09-01 04:30:00,2006-09-01,32.44,28.25,3.383,3.383,3.383,2.964,2.773,3.489,10.342,TRUE
"323",2006-09-04 17:45:00,2006-09-04,23.25,21.5,11.595,11.595,11.595,10.766,7.862,3.569,38.422,TRUE
"324",2006-09-06 00:15:00,2006-09-06,0.17,12.25,0.296,0.185,0.148,0.096,0.051,0.012,0.001,TRUE
"325",2006-09-06 19:30:00,2006-09-06,0.42,5.75,0.186,0.12,0.119,0.107,0.1,0.034,0.004,FALSE
"326",2006-09-07 20:00:00,2006-09-07,0.49,5,0.332,0.201,0.157,0.138,0.132,0.039,0.005,FALSE
"327",2006-09-08 21:15:00,2006-09-08,0.02,0.25,0.16,0.1,0.08,0.04,0.02,0.001,0,FALSE
"328",2006-09-09 20:45:00,2006-09-09,0.41,4,0.274,0.197,0.171,0.153,0.147,0.033,0.005,FALSE
"329",2006-09-10 19:30:00,2006-09-10,3.28,11.25,2.013,2.013,2.013,1.91,1.844,0.337,0.643,FALSE
"330",2006-09-13 04:45:00,2006-09-13,0.67,3.25,1.561,1.098,0.943,0.584,0.341,0.052,0.031,FALSE
"331",2006-09-14 01:00:00,2006-09-14,24.49,22.25,10.368,10.368,10.368,9.045,6.567,3.39,30.665,TRUE
"332",2006-09-15 14:00:00,2006-09-15,10.96,2.5,17.316,17.316,17.316,14.151,9.338,2.084,29.487,TRUE
"333",2006-09-16 08:30:00,2006-09-16,0.16,3.5,0.618,0.418,0.351,0.193,0.115,0.01,0.002,FALSE
"334",2006-09-16 19:30:00,2006-09-16,0.59,7,0.504,0.288,0.274,0.254,0.23,0.046,0.012,FALSE
"335",2006-09-17 12:15:00,2006-09-17,0.65,13.25,0.16,0.151,0.151,0.133,0.122,0.053,0.007,FALSE
"336",2006-09-19 08:30:00,2006-09-19,0.17,4.25,0.187,0.164,0.164,0.107,0.075,0.013,0.001,FALSE
"337",2006-09-19 20:15:00,2006-09-19,0.08,1.25,0.213,0.153,0.133,0.077,0.063,0.005,0,FALSE
"338",2006-09-23 05:30:00,2006-09-23,0.08,1.25,0.2,0.14,0.126,0.08,0.051,0.006,0,FALSE
"339",2006-09-24 08:00:00,2006-09-24,4,13.25,6.696,6.696,6.696,4.933,2.869,0.52,2.564,FALSE
"340",2006-09-26 21:15:00,2006-09-26,0.36,5.5,0.209,0.136,0.133,0.113,0.1,0.029,0.003,FALSE
"341",2006-09-28 16:45:00,2006-09-28,23.13,5.5,14.337,14.337,14.337,14.328,8.756,4.025,57.668,TRUE
"342",2006-09-29 19:15:00,2006-09-29,0.18,4.5,0.453,0.313,0.267,0.16,0.112,0.013,0.002,FALSE
"343",2006-09-30 10:00:00,2006-09-30,0.36,2.25,0.555,0.555,0.555,0.353,0.26,0.029,0.01,FALSE
"344",2006-09-30 22:15:00,2006-09-30,1.48,6.25,0.805,0.805,0.805,0.694,0.46,0.131,0.091,FALSE
"345",2006-10-01 19:45:00,2006-10-01,0.27,6.5,0.276,0.191,0.162,0.127,0.098,0.021,0.003,FALSE
"346",2006-10-02 19:00:00,2006-10-02,1.53,8,0.342,0.342,0.342,0.32,0.307,0.129,0.041,FALSE
"347",2006-10-03 19:00:00,2006-10-03,0.4,8.5,0.2,0.16,0.16,0.152,0.106,0.032,0.005,FALSE
"348",2006-10-05 00:45:00,2006-10-05,0.03,0.25,0.224,0.14,0.112,0.06,0.03,0.001,0,FALSE
"349",2006-10-05 18:45:00,2006-10-05,23.44,22,4.047,4.047,4.047,3.925,3.508,2.631,10.329,TRUE
"350",2006-10-06 22:45:00,2006-10-06,6.01,29.25,2.614,2.614,2.614,2.248,1.281,0.58,1.304,TRUE
"351",2006-10-08 18:45:00,2006-10-08,3.03,10.25,0.596,0.596,0.596,0.576,0.556,0.264,0.152,FALSE
"352",2006-10-09 19:00:00,2006-10-09,1.92,9.75,0.32,0.32,0.32,0.302,0.283,0.162,0.049,FALSE
"353",2006-10-10 19:00:00,2006-10-10,1.81,10,0.449,0.449,0.449,0.436,0.391,0.152,0.066,FALSE
"354",2006-10-11 16:30:00,2006-10-11,0.03,0.25,0.2,0.14,0.12,0.06,0.03,0.002,0,FALSE
"355",2006-10-12 20:00:00,2006-10-12,0.1,4,0.64,0.4,0.32,0.162,0.083,0.005,0.001,FALSE
"356",2006-10-14 20:30:00,2006-10-14,0.09,5.5,0.253,0.133,0.093,0.053,0.04,0.006,0,FALSE
"357",2006-10-15 21:15:00,2006-10-15,0.17,6.5,0.247,0.157,0.127,0.086,0.073,0.013,0.001,FALSE
"358",2006-10-17 01:00:00,2006-10-17,34.09,16.25,12.706,12.706,12.706,10.018,8.993,5.334,53.436,TRUE
"359",2006-10-18 20:30:00,2006-10-18,0.16,4.5,0.604,0.378,0.302,0.155,0.082,0.01,0.002,FALSE
"360",2006-10-19 19:45:00,2006-10-19,13.21,14.75,6.481,6.481,6.481,4.574,3.096,1.643,7.518,TRUE
"361",2006-10-20 19:30:00,2006-10-20,0.37,5.25,0.598,0.337,0.337,0.281,0.21,0.027,0.008,FALSE
"362",2006-10-21 18:30:00,2006-10-21,1.47,10,0.324,0.324,0.324,0.32,0.31,0.123,0.039,FALSE
"363",2006-10-22 18:15:00,2006-10-22,0.02,0.5,0.146,0.08,0.058,0.042,0.02,0.001,0,FALSE
"364",2006-10-25 18:30:00,2006-10-25,0.43,6.25,0.25,0.17,0.16,0.15,0.127,0.034,0.005,FALSE
"365",2006-10-26 18:15:00,2006-10-26,2.89,9.5,0.763,0.763,0.763,0.712,0.659,0.253,0.18,FALSE
"366",2006-10-27 12:45:00,2006-10-27,39.58,17.75,12.721,12.721,12.721,10.649,7.556,5.714,60.847,TRUE
"367",2006-10-28 17:30:00,2006-10-28,0.06,0,0.72,0.36,0.24,0.12,0.06,0,0,TRUE
"368",2006-10-29 23:00:00,2006-10-29,0.02,0,0.24,0.12,0.08,0.04,0.02,0,0,FALSE
"369",2006-10-30 18:45:00,2006-10-30,0.2,2.75,0.324,0.204,0.164,0.12,0.113,0.015,0.002,FALSE
"439",2007-04-01 00:00:00,2007-04-01,0.06,0.75,0.16,0.1,0.08,0.073,0.06,0.004,0,FALSE
"440",2007-04-01 15:15:00,2007-04-01,0.65,10,0.453,0.453,0.453,0.284,0.237,0.054,0.015,FALSE
"441",2007-04-03 19:45:00,2007-04-03,6.73,18.5,7.259,7.259,7.259,4.379,4.111,0.878,3.846,TRUE
"442",2007-04-05 19:30:00,2007-04-05,0.09,8.5,0.18,0.12,0.1,0.056,0.035,0.007,0,TRUE
"443",2007-04-06 21:45:00,2007-04-06,0.8,6,0.693,0.693,0.693,0.617,0.468,0.069,0.043,FALSE
"444",2007-04-07 12:15:00,2007-04-07,0.16,1,1.04,0.56,0.4,0.24,0.16,0.007,0.002,FALSE
"445",2007-04-08 12:15:00,2007-04-08,0.07,3,0.391,0.203,0.14,0.077,0.045,0.003,0,FALSE
"446",2007-04-11 11:30:00,2007-04-11,20.87,17.5,9.429,9.429,9.429,8.213,6.264,2.872,23.589,TRUE
"447",2007-04-12 15:00:00,2007-04-12,2.27,2,3.031,3.031,3.031,1.94,1.314,0.241,0.469,TRUE
"448",2007-04-14 17:00:00,2007-04-14,67.3,33.75,12.34,12.34,12.34,10.168,7.503,10.162,103.329,TRUE
"449",2007-04-16 09:30:00,2007-04-16,1.57,13.5,0.811,0.811,0.811,0.648,0.445,0.136,0.088,TRUE
"450",2007-04-19 11:00:00,2007-04-19,0.01,0,0.12,0.06,0.04,0.02,0.01,0,0,TRUE
"451",2007-04-19 19:15:00,2007-04-19,0.16,5.25,0.248,0.128,0.127,0.108,0.087,0.011,0.001,FALSE
"452",2007-04-20 20:45:00,2007-04-20,0.05,4,0.248,0.128,0.088,0.048,0.028,0.002,0,TRUE
"453",2007-04-21 16:00:00,2007-04-21,0.02,0,0.24,0.12,0.08,0.04,0.02,0,0,FALSE
"454",2007-04-22 00:00:00,2007-04-22,0.05,0.75,0.296,0.176,0.136,0.088,0.05,0.003,0,FALSE
"455",2007-04-22 13:00:00,2007-04-22,0.02,0.25,0.16,0.1,0.08,0.04,0.02,0.001,0,FALSE
"456",2007-04-22 20:30:00,2007-04-22,0.61,4.75,0.373,0.373,0.373,0.347,0.201,0.049,0.017,FALSE
"457",2007-04-23 14:15:00,2007-04-23,0.24,0.25,1.919,1.2,0.96,0.48,0.24,0.011,0.005,TRUE
"458",2007-04-23 21:00:00,2007-04-23,0.08,0.25,0.64,0.4,0.32,0.16,0.08,0.003,0.001,TRUE
"459",2007-04-24 03:15:00,2007-04-24,0.12,0.5,0.537,0.424,0.386,0.233,0.12,0.008,0.002,TRUE
"460",2007-04-24 23:15:00,2007-04-24,0.01,0,0.12,0.06,0.04,0.02,0.01,0,0,FALSE
"461",2007-04-25 13:30:00,2007-04-25,0.48,12.25,0.28,0.271,0.271,0.255,0.183,0.039,0.01,TRUE
"462",2007-04-26 08:45:00,2007-04-26,0.06,3.5,0.244,0.124,0.084,0.044,0.03,0.003,0,TRUE
"463",2007-04-26 20:45:00,2007-04-26,14.94,12,7.124,7.124,7.124,6.384,4.454,1.973,12.594,TRUE
"464",2007-04-27 16:30:00,2007-04-27,0.71,8,1.204,0.891,0.891,0.778,0.464,0.057,0.044,TRUE
"465",2007-04-28 14:45:00,2007-04-28,0.91,5.75,0.805,0.805,0.805,0.588,0.448,0.077,0.045,FALSE
"466",2007-04-30 06:45:00,2007-04-30,0.13,0.25,1.42,0.747,0.522,0.26,0.13,0.002,0,FALSE
"467",2007-05-01 04:30:00,2007-05-01,0.02,0.25,0.16,0.1,0.08,0.04,0.02,0.001,0,TRUE
"468",2007-05-01 20:45:00,2007-05-01,0.68,8,0.533,0.471,0.471,0.467,0.36,0.055,0.026,TRUE
"469",2007-05-03 21:30:00,2007-05-03,0.05,0.5,0.193,0.133,0.113,0.108,0.05,0.004,0,TRUE
"470",2007-05-04 21:15:00,2007-05-04,0.1,4.25,0.32,0.2,0.16,0.086,0.049,0.007,0.001,TRUE
"471",2007-05-08 21:30:00,2007-05-08,0.34,3.5,0.2,0.15,0.15,0.148,0.12,0.027,0.004,TRUE
"472",2007-05-09 22:00:00,2007-05-09,0.12,7.25,0.16,0.1,0.08,0.067,0.063,0.009,0.001,TRUE
"473",2007-05-10 19:30:00,2007-05-10,1.65,6.5,1.017,1.017,1.017,0.962,0.75,0.149,0.143,TRUE
"474",2007-05-11 20:30:00,2007-05-11,0.03,3.5,0.146,0.074,0.05,0.026,0.014,0.001,0,TRUE
"475",2007-05-12 14:15:00,2007-05-12,7.47,12.5,8.392,8.392,8.392,6.103,3.175,1.01,6.167,TRUE
"476",2007-05-14 21:15:00,2007-05-14,0.16,2.75,0.542,0.296,0.213,0.152,0.121,0.01,0.002,FALSE
"477",2007-05-16 14:15:00,2007-05-16,12.46,4.5,28.48,28.48,28.48,20.534,11.919,2.857,58.657,TRUE
"478",2007-05-17 22:30:00,2007-05-17,0.02,0.25,0.16,0.1,0.08,0.04,0.02,0.001,0,FALSE
"479",2007-05-18 10:00:00,2007-05-18,0.27,0.5,1.565,1.093,0.935,0.535,0.27,0.017,0.009,TRUE
"480",2007-05-19 15:45:00,2007-05-19,0.36,6,0.316,0.19,0.183,0.154,0.126,0.028,0.004,FALSE
"481",2007-05-20 06:00:00,2007-05-20,0.43,7,0.966,0.966,0.966,0.703,0.408,0.038,0.027,TRUE
"482",2007-05-21 20:30:00,2007-05-21,0.29,6.5,0.258,0.171,0.142,0.118,0.099,0.022,0.003,FALSE
"483",2007-05-22 22:30:00,2007-05-22,0.08,2.25,0.32,0.2,0.16,0.089,0.053,0.005,0,FALSE
"484",2007-05-26 13:45:00,2007-05-26,0.62,0.5,2.912,2.487,2.345,1.23,0.62,0.061,0.074,FALSE
"485",2007-05-26 22:30:00,2007-05-26,0.02,0.25,0.198,0.117,0.09,0.04,0.02,0.001,0,FALSE
"486",2007-05-27 18:15:00,2007-05-27,1.35,3.25,3.248,3.248,3.248,2.376,1.291,0.157,0.374,FALSE
"487",2007-05-29 20:15:00,2007-05-29,0.08,0.75,0.233,0.143,0.113,0.103,0.08,0.005,0.001,FALSE
"488",2007-05-30 20:15:00,2007-05-30,0.03,0.5,0.16,0.1,0.08,0.06,0.03,0.002,0,FALSE
"489",2007-06-01 20:45:00,2007-06-01,0.84,5,1.298,1.298,1.298,1.272,0.764,0.081,0.103,FALSE
"490",2007-06-02 20:15:00,2007-06-02,0.04,1.5,0.128,0.08,0.064,0.04,0.029,0.003,0,FALSE
"491",2007-06-03 08:45:00,2007-06-03,11.24,25.25,5.73,5.73,5.73,5.089,3.209,1.318,6.707,TRUE
"492",2007-06-04 16:15:00,2007-06-04,0.12,5.25,0.237,0.165,0.141,0.087,0.06,0.009,0.001,FALSE
"493",2007-06-05 21:15:00,2007-06-05,1.9,6.75,3.145,2.817,2.708,1.994,0.999,0.189,0.377,FALSE
"494",2007-06-07 20:45:00,2007-06-07,0.15,1.5,0.364,0.232,0.188,0.154,0.124,0.011,0.002,FALSE
"495",2007-06-08 20:30:00,2007-06-08,0.22,2.75,0.69,0.351,0.238,0.148,0.108,0.014,0.002,FALSE
"496",2007-06-09 21:00:00,2007-06-09,0.04,0.25,0.3,0.2,0.167,0.08,0.04,0.002,0,FALSE
"497",2007-06-10 12:00:00,2007-06-10,0.13,0,1.56,0.78,0.52,0.26,0.13,0,0,FALSE
"498",2007-06-10 21:00:00,2007-06-10,0.21,0.5,1.376,0.816,0.629,0.421,0.21,0.01,0.004,FALSE
"499",2007-06-11 21:00:00,2007-06-11,0.06,0.25,0.488,0.312,0.253,0.12,0.06,0.003,0,FALSE
"500",2007-06-12 15:00:00,2007-06-12,1.55,6.25,4.707,2.935,2.344,1.536,0.799,0.127,0.195,FALSE
"501",2007-06-13 16:00:00,2007-06-13,28.32,1.25,45.726,45.726,45.726,43.521,28.175,7.57,329.434,TRUE
"502",2007-06-16 21:15:00,2007-06-16,0.04,0.25,0.376,0.208,0.152,0.08,0.04,0.001,0,FALSE
"503",2007-06-19 16:00:00,2007-06-19,2.16,15,0.957,0.837,0.797,0.543,0.399,0.188,0.102,FALSE
"504",2007-06-21 16:00:00,2007-06-21,1.05,1.5,2.789,1.762,1.42,1.311,0.726,0.083,0.108,FALSE
"505",2007-06-25 00:00:00,2007-06-25,3.14,9.5,5.412,5.412,5.412,3.723,2.719,0.398,1.483,FALSE
"506",2007-06-25 21:00:00,2007-06-25,0.01,0,0.12,0.06,0.04,0.02,0.01,0,0,FALSE
"507",2007-06-27 14:30:00,2007-06-27,0.11,4.5,0.591,0.429,0.375,0.188,0.095,0.007,0.001,FALSE
"508",2007-06-28 21:00:00,2007-06-28,4.64,16.25,2.685,2.685,2.685,2.587,2.169,0.484,1.251,FALSE
"509",2007-06-29 23:45:00,2007-06-29,0.03,0,0.36,0.18,0.12,0.06,0.03,0,0,FALSE
"510",2007-07-03 22:00:00,2007-07-03,1.45,3.5,1.889,1.889,1.889,1.328,1.269,0.146,0.194,FALSE
"511",2007-07-04 13:15:00,2007-07-04,4.1,13.25,3.981,3.981,3.981,3.027,1.765,0.46,1.391,FALSE
"512",2007-07-05 13:45:00,2007-07-05,8.4,12.25,22.767,22.767,22.767,15.206,7.682,1.862,28.313,TRUE
"513",2007-07-10 12:15:00,2007-07-10,0.11,4,0.26,0.194,0.172,0.114,0.075,0.008,0.001,FALSE
"514",2007-07-11 12:00:00,2007-07-11,0.1,9,0.354,0.204,0.154,0.104,0.064,0.006,0.001,FALSE
"515",2007-07-13 22:30:00,2007-07-13,2.15,2.75,5.106,4.984,4.943,2.584,1.325,0.267,0.69,FALSE
"516",2007-07-15 14:30:00,2007-07-15,0.13,1,0.598,0.322,0.23,0.128,0.127,0.007,0.001,FALSE
"517",2007-07-16 06:45:00,2007-07-16,0.03,0,0.36,0.18,0.12,0.06,0.03,0,0,FALSE
"518",2007-07-16 16:30:00,2007-07-16,0.84,4.25,6.7,3.825,2.867,1.441,0.729,0.033,0.048,FALSE
"519",2007-07-18 01:15:00,2007-07-18,0.2,2.25,0.442,0.4,0.386,0.336,0.184,0.016,0.006,FALSE
"520",2007-07-18 12:45:00,2007-07-18,0.02,0.25,0.227,0.127,0.094,0.04,0.02,0.001,0,FALSE
"521",2007-07-19 13:00:00,2007-07-19,1.6,8,4.71,4.71,4.71,2.395,1.238,0.206,0.494,FALSE
"522",2007-07-24 12:45:00,2007-07-24,0.28,7.5,0.578,0.36,0.36,0.195,0.102,0.021,0.004,FALSE
"523",2007-07-25 04:00:00,2007-07-25,0.17,1.5,0.365,0.223,0.176,0.141,0.131,0.012,0.002,FALSE
"524",2007-07-25 13:30:00,2007-07-25,0.04,0,0.48,0.24,0.16,0.08,0.04,0,0,FALSE
"525",2007-07-27 16:30:00,2007-07-27,0.14,0.75,0.283,0.283,0.283,0.238,0.14,0.011,0.003,FALSE
"526",2007-07-29 00:00:00,2007-07-29,3.75,12.5,8.391,8.391,8.391,5.636,3.008,0.553,3.118,TRUE
"527",2007-07-29 18:45:00,2007-07-29,0.16,4.25,0.698,0.468,0.392,0.25,0.128,0.01,0.003,FALSE
"528",2007-08-03 12:45:00,2007-08-03,0.11,0.5,0.451,0.283,0.227,0.222,0.11,0.007,0.002,FALSE
"529",2007-08-05 00:15:00,2007-08-05,0.02,0.75,0.103,0.061,0.047,0.033,0.02,0.001,0,FALSE
"530",2007-08-05 15:30:00,2007-08-05,5.22,14,2.732,2.732,2.732,2.456,1.433,0.532,1.307,TRUE
"531",2007-08-06 21:00:00,2007-08-06,0.03,0.25,0.272,0.158,0.12,0.06,0.03,0.001,0,FALSE
"532",2007-08-08 05:00:00,2007-08-08,0.06,10,0.223,0.151,0.127,0.065,0.034,0.004,0,FALSE
"533",2007-08-09 06:45:00,2007-08-09,28.68,18.25,26.908,26.908,26.908,22.939,12.289,5.308,121.765,TRUE
"534",2007-08-10 21:00:00,2007-08-10,0.02,0,0.24,0.12,0.08,0.04,0.02,0,0,FALSE
"535",2007-08-11 05:15:00,2007-08-11,0.14,9.75,0.213,0.153,0.133,0.107,0.055,0.011,0.001,FALSE
"536",2007-08-11 21:45:00,2007-08-11,0.18,4.5,0.16,0.1,0.08,0.06,0.058,0.014,0.001,FALSE
"537",2007-08-12 14:45:00,2007-08-12,0.02,0.25,0.16,0.1,0.08,0.04,0.02,0.001,0,FALSE
"538",2007-08-12 23:15:00,2007-08-12,3.3,1.75,8.822,8.822,8.822,5.777,3.169,0.532,3.075,FALSE
"539",2007-08-13 10:30:00,2007-08-13,0.02,0.25,0.128,0.08,0.064,0.04,0.02,0.001,0,FALSE
"540",2007-08-13 20:30:00,2007-08-13,0.05,1,0.128,0.08,0.064,0.056,0.05,0.003,0,FALSE
"541",2007-08-14 15:00:00,2007-08-14,0.02,0,0.24,0.12,0.08,0.04,0.02,0,0,FALSE
"542",2007-08-15 23:00:00,2007-08-15,0.07,0.25,0.653,0.36,0.262,0.14,0.07,0.001,0,FALSE
"543",2007-08-16 08:30:00,2007-08-16,7.1,3.25,9.261,9.209,9.191,8.476,6.506,1.178,9.988,TRUE
"544",2007-08-18 00:30:00,2007-08-18,0.06,7.75,0.16,0.1,0.08,0.042,0.023,0.004,0,FALSE
"545",2007-08-18 14:30:00,2007-08-18,0.02,0.25,0.16,0.1,0.08,0.04,0.02,0.001,0,FALSE
"546",2007-08-19 00:15:00,2007-08-19,5.77,26.25,3.142,3.142,3.142,3.059,1.85,0.574,1.756,TRUE
"547",2007-08-20 17:00:00,2007-08-20,41.19,16,49.908,42.725,40.331,31.06,18.902,7.613,236.468,TRUE
"548",2007-08-21 21:30:00,2007-08-21,2.29,4.25,7.228,6.659,6.469,4.217,2.136,0.316,1.333,FALSE
"549",2007-08-22 20:30:00,2007-08-22,0.49,5.75,0.912,0.552,0.432,0.336,0.288,0.036,0.012,FALSE
"550",2007-08-23 21:30:00,2007-08-23,0.07,3,0.37,0.19,0.13,0.07,0.04,0.003,0,FALSE
"551",2007-08-24 15:15:00,2007-08-24,0.35,15.5,0.242,0.133,0.133,0.122,0.106,0.027,0.003,FALSE
"552",2007-08-25 18:00:00,2007-08-25,4.46,19.5,6.441,6.441,6.441,3.98,2.181,0.554,2.206,FALSE
"553",2007-08-26 19:30:00,2007-08-26,0.69,13.5,0.261,0.183,0.157,0.14,0.124,0.056,0.008,FALSE
"554",2007-08-27 20:00:00,2007-08-27,0.48,5.5,0.293,0.213,0.187,0.151,0.124,0.039,0.006,FALSE
"555",2007-08-29 00:15:00,2007-08-29,0.03,1.75,0.127,0.067,0.047,0.027,0.017,0.002,0,FALSE
"556",2007-08-30 20:30:00,2007-08-30,0.21,5,0.52,0.28,0.2,0.12,0.087,0.014,0.002,FALSE
"557",2007-08-31 19:15:00,2007-08-31,0.71,7.5,0.28,0.173,0.173,0.156,0.154,0.057,0.009,FALSE
"558",2007-09-01 19:45:00,2007-09-01,0.04,0.5,0.28,0.16,0.12,0.08,0.04,0.002,0,FALSE
"559",2007-09-03 20:00:00,2007-09-03,0.06,2,0.16,0.1,0.08,0.06,0.044,0.004,0,FALSE
"560",2007-09-04 20:00:00,2007-09-04,0.42,8.75,0.268,0.165,0.16,0.149,0.136,0.034,0.005,FALSE
"561",2007-09-05 21:00:00,2007-09-05,0.11,2.25,0.173,0.113,0.093,0.08,0.056,0.008,0.001,FALSE
"562",2007-09-08 20:00:00,2007-09-08,0.08,3,0.267,0.147,0.107,0.067,0.05,0.005,0,FALSE
"563",2007-09-09 20:15:00,2007-09-09,0.14,2.75,0.169,0.109,0.102,0.075,0.062,0.01,0.001,FALSE
"564",2007-09-10 19:45:00,2007-09-10,6.56,18.5,2.306,2.306,2.306,1.836,1.736,0.649,1.191,FALSE
"565",2007-09-11 20:30:00,2007-09-11,0.04,1.75,0.165,0.103,0.082,0.047,0.03,0.002,0,FALSE
"566",2007-09-12 19:15:00,2007-09-12,0.58,4.5,0.466,0.34,0.299,0.191,0.187,0.047,0.009,FALSE
"567",2007-09-14 14:15:00,2007-09-14,4,11.25,2.263,2.263,2.263,1.821,1.107,0.38,0.692,FALSE
"568",2007-09-15 19:15:00,2007-09-15,0.37,3.5,0.198,0.18,0.18,0.166,0.143,0.03,0.005,FALSE
"569",2007-09-16 21:15:00,2007-09-16,0.02,0,0.24,0.12,0.08,0.04,0.02,0,0,FALSE
"570",2007-09-17 20:00:00,2007-09-17,0.02,0.25,0.16,0.1,0.08,0.04,0.02,0.001,0,FALSE
"571",2007-09-18 20:30:00,2007-09-18,0.09,1.75,0.25,0.13,0.093,0.087,0.059,0.005,0,FALSE
"572",2007-09-20 00:00:00,2007-09-20,0.02,0,0.24,0.12,0.08,0.04,0.02,0,0,FALSE
"573",2007-09-20 12:00:00,2007-09-20,0.07,1.25,0.16,0.1,0.093,0.087,0.063,0.005,0,FALSE
"574",2007-09-20 20:15:00,2007-09-20,0.25,8.5,0.32,0.2,0.16,0.102,0.072,0.019,0.002,FALSE
"575",2007-09-21 21:45:00,2007-09-21,0.08,6.5,0.28,0.16,0.12,0.08,0.042,0.005,0,FALSE
"576",2007-09-22 19:45:00,2007-09-22,4.14,32.75,0.507,0.507,0.507,0.476,0.453,0.355,0.169,FALSE
"577",2007-09-24 19:30:00,2007-09-24,0.4,6.5,0.212,0.147,0.147,0.133,0.119,0.032,0.004,FALSE
"578",2007-09-25 23:15:00,2007-09-25,0.07,0.25,0.506,0.327,0.267,0.14,0.07,0.003,0,FALSE
"579",2007-09-27 19:45:00,2007-09-27,6.52,13,9.304,7.307,6.641,3.34,2.068,0.733,2.449,FALSE
"580",2007-09-28 19:00:00,2007-09-28,0.68,9.5,0.224,0.224,0.224,0.209,0.184,0.056,0.012,FALSE
"581",2007-09-29 18:45:00,2007-09-29,2.03,9.75,0.444,0.444,0.444,0.422,0.419,0.174,0.073,FALSE
"582",2007-09-30 19:45:00,2007-09-30,0.36,6.25,0.34,0.22,0.18,0.12,0.092,0.028,0.003,FALSE
"583",2007-10-03 19:45:00,2007-10-03,0.52,7.25,0.295,0.175,0.16,0.104,0.102,0.041,0.004,FALSE
"584",2007-10-04 19:00:00,2007-10-04,1.41,9,0.271,0.271,0.271,0.26,0.251,0.117,0.03,FALSE
"585",2007-10-05 19:00:00,2007-10-05,0.95,8.25,0.385,0.265,0.225,0.191,0.179,0.078,0.015,FALSE
"586",2007-10-06 18:45:00,2007-10-06,2,9.25,0.413,0.413,0.413,0.413,0.4,0.171,0.071,FALSE
"587",2007-10-07 18:45:00,2007-10-07,5.2,10.5,1.018,1.018,1.018,0.964,0.908,0.476,0.459,FALSE
"588",2007-10-08 19:00:00,2007-10-08,0.58,4.75,0.351,0.351,0.351,0.316,0.273,0.048,0.015,FALSE
"589",2007-10-09 18:45:00,2007-10-09,6.92,8.25,15.694,15.694,15.694,12.587,6.724,1.417,17.838,FALSE
"590",2007-10-10 19:15:00,2007-10-10,3.47,3.5,6.76,6.76,6.76,4.952,3.108,0.483,2.392,FALSE
"591",2007-10-11 08:30:00,2007-10-11,0.19,1.25,0.465,0.465,0.465,0.262,0.161,0.016,0.004,FALSE
"592",2007-10-11 21:15:00,2007-10-11,8.55,4,5.436,5.436,5.436,4.728,3.518,1.094,5.172,FALSE
"593",2007-10-12 18:45:00,2007-10-12,0.38,7.25,0.19,0.173,0.173,0.117,0.104,0.03,0.004,FALSE
"594",2007-10-14 19:00:00,2007-10-14,2.09,10.25,0.382,0.382,0.382,0.348,0.345,0.177,0.061,FALSE
"595",2007-10-15 18:30:00,2007-10-15,1.53,8.25,0.28,0.28,0.28,0.273,0.269,0.129,0.035,FALSE
"596",2007-10-16 19:00:00,2007-10-16,0.38,4,0.3,0.192,0.156,0.136,0.118,0.03,0.004,FALSE
"597",2007-10-17 19:30:00,2007-10-17,0.1,2.5,0.16,0.1,0.08,0.08,0.053,0.007,0.001,FALSE
"598",2007-10-19 07:00:00,2007-10-19,4.84,15,6.352,6.352,6.352,4.389,2.435,0.609,2.673,FALSE
"599",2007-10-20 18:15:00,2007-10-20,0.77,9.5,0.182,0.182,0.182,0.171,0.152,0.063,0.011,FALSE
"600",2007-10-21 19:30:00,2007-10-21,0.27,5.5,0.247,0.144,0.144,0.116,0.091,0.021,0.002,FALSE
"601",2007-10-23 03:00:00,2007-10-23,0.44,7.5,0.848,0.848,0.848,0.513,0.3,0.036,0.018,FALSE
"602",2007-10-23 23:00:00,2007-10-23,26.37,31.25,10.262,10.262,10.262,8.041,5.925,3.462,27.837,TRUE
"603",2007-10-25 15:00:00,2007-10-25,0.28,1,0.429,0.429,0.429,0.404,0.275,0.022,0.009,TRUE
"604",2007-10-26 03:30:00,2007-10-26,67.45,29.75,16.707,16.707,16.707,15.946,13.821,10.69,170.47,TRUE
"605",2007-10-27 18:15:00,2007-10-27,1.98,9.75,0.454,0.454,0.454,0.431,0.422,0.17,0.073,TRUE
"606",2007-10-28 18:00:00,2007-10-28,3.12,9.5,0.751,0.751,0.751,0.736,0.698,0.274,0.202,FALSE
"607",2007-10-29 21:15:00,2007-10-29,0.02,0.25,0.16,0.1,0.08,0.04,0.02,0.001,0,FALSE
"608",2007-10-30 20:45:00,2007-10-30,0.2,4.25,0.21,0.15,0.13,0.105,0.066,0.016,0.002,FALSE
"699",2008-04-01 19:45:00,2008-04-01,0.11,0.25,0.951,0.557,0.425,0.22,0.11,0.003,0.001,FALSE
"700",2008-04-03 15:15:00,2008-04-03,13.25,10.75,3.965,3.965,3.965,3.719,3.169,1.505,5.597,TRUE
"701",2008-04-04 08:15:00,2008-04-04,0.07,0,0.84,0.42,0.28,0.14,0.07,0,0,TRUE
"702",2008-04-04 21:45:00,2008-04-04,2.02,4,4.155,4.155,4.155,2.572,1.541,0.23,0.593,FALSE
"703",2008-04-05 23:45:00,2008-04-05,8.71,12,4.733,4.733,4.733,3.819,3.296,1,3.819,TRUE
"704",2008-04-08 20:00:00,2008-04-08,0.18,5.5,0.247,0.157,0.127,0.086,0.07,0.014,0.001,FALSE
"705",2008-04-09 19:45:00,2008-04-09,1.04,6.25,0.338,0.338,0.338,0.336,0.326,0.088,0.029,FALSE
"706",2008-04-10 19:45:00,2008-04-10,2.04,9,0.511,0.511,0.511,0.482,0.461,0.175,0.084,FALSE
"707",2008-04-11 18:45:00,2008-04-11,5.77,6.75,9.43,9.43,9.43,7.778,5.084,0.914,7.11,TRUE
"708",2008-04-12 18:30:00,2008-04-12,0.02,0,0.24,0.12,0.08,0.04,0.02,0,0,FALSE
"709",2008-04-13 19:15:00,2008-04-13,1.33,5,0.941,0.941,0.941,0.932,0.737,0.116,0.108,FALSE
"710",2008-04-16 20:45:00,2008-04-16,0.08,3.75,0.16,0.1,0.08,0.044,0.03,0.006,0,FALSE
"711",2008-04-18 21:30:00,2008-04-18,0.59,6.25,0.263,0.169,0.147,0.136,0.123,0.048,0.006,FALSE
"712",2008-04-19 20:15:00,2008-04-19,0.56,7,0.171,0.171,0.171,0.167,0.144,0.045,0.008,FALSE
"713",2008-04-20 15:45:00,2008-04-20,87.61,15,71.225,71.225,71.225,69.695,48.29,22.82,1590.416,TRUE
"714",2008-04-21 18:00:00,2008-04-21,0.12,0.75,0.288,0.21,0.193,0.148,0.12,0.009,0.001,TRUE
"715",2008-04-24 20:30:00,2008-04-24,1.02,7.5,0.342,0.342,0.342,0.284,0.252,0.084,0.024,FALSE
"716",2008-04-25 20:45:00,2008-04-25,1.62,7.5,0.498,0.498,0.498,0.458,0.44,0.138,0.063,FALSE
"717",2008-04-26 20:00:00,2008-04-26,9.93,5.75,8.636,8.636,8.636,7.717,5.891,1.418,10.943,TRUE
"718",2008-04-27 23:45:00,2008-04-27,25.44,16.5,6.874,6.874,6.874,6.231,6.132,3.521,21.939,TRUE
"719",2008-04-29 02:00:00,2008-04-29,0.95,0.5,6.094,4.256,3.643,1.902,0.95,0.075,0.142,TRUE
"720",2008-04-30 21:45:00,2008-04-30,0.35,15.25,0.26,0.2,0.18,0.144,0.122,0.028,0.004,FALSE
"721",2008-05-01 20:30:00,2008-05-01,0.26,5,0.12,0.12,0.12,0.107,0.106,0.021,0.002,FALSE
"722",2008-05-02 20:30:00,2008-05-02,0.75,10,0.397,0.289,0.289,0.287,0.269,0.062,0.018,FALSE
"723",2008-05-03 19:30:00,2008-05-03,0.13,5.25,0.162,0.162,0.162,0.109,0.069,0.011,0.001,FALSE
"724",2008-05-06 07:00:00,2008-05-06,0.05,0.5,0.2,0.14,0.12,0.1,0.05,0.003,0,FALSE
"725",2008-05-06 17:00:00,2008-05-06,1.03,0.75,2.488,1.904,1.876,1.792,1.03,0.097,0.175,FALSE
"726",2008-05-07 20:30:00,2008-05-07,35.09,41.25,16.853,16.853,16.853,15.891,13.987,5.772,91.727,TRUE
"727",2008-05-10 04:30:00,2008-05-10,5.16,5.75,3.633,3.633,3.633,2.984,2.7,0.578,1.726,TRUE
"728",2008-05-11 15:45:00,2008-05-11,60.69,30,14.873,14.873,14.873,12.934,9.524,8.801,113.822,TRUE
"729",2008-05-13 23:00:00,2008-05-13,0.18,3.25,0.99,0.51,0.35,0.19,0.11,0.008,0.002,TRUE
"730",2008-05-14 20:30:00,2008-05-14,0.52,4.75,0.29,0.222,0.222,0.207,0.192,0.042,0.009,FALSE
"731",2008-05-15 20:30:00,2008-05-15,15.7,11.75,11.859,11.859,11.859,8.445,5.053,2.268,19.155,TRUE
"732",2008-05-17 20:45:00,2008-05-17,0.85,3,0.778,0.778,0.778,0.756,0.602,0.075,0.056,FALSE
"733",2008-05-18 10:45:00,2008-05-18,4.04,22.75,4.107,4.107,4.107,3.534,2.247,0.444,1.571,TRUE
"734",2008-05-20 03:45:00,2008-05-20,14.17,9.75,9.693,9.693,9.693,8.298,5.696,2.183,18.112,TRUE
"735",2008-05-21 12:45:00,2008-05-21,1.65,5.5,3.362,2.281,1.92,1.056,0.862,0.141,0.149,FALSE
"736",2008-05-23 20:15:00,2008-05-23,0.12,1.5,0.187,0.127,0.111,0.109,0.091,0.009,0.001,FALSE
"737",2008-05-24 20:30:00,2008-05-24,0.72,4.75,0.391,0.271,0.271,0.269,0.241,0.059,0.016,FALSE
"738",2008-05-25 18:30:00,2008-05-25,0.57,6,0.284,0.284,0.284,0.269,0.237,0.047,0.013,FALSE
"739",2008-05-27 20:15:00,2008-05-27,2.73,6.5,5.614,5.283,5.172,4.563,2.599,0.361,1.648,FALSE
"740",2008-05-29 18:45:00,2008-05-29,0.05,1,0.14,0.08,0.08,0.06,0.05,0.003,0,FALSE
"741",2008-05-30 18:45:00,2008-05-30,0.03,0.75,0.14,0.08,0.06,0.04,0.03,0.002,0,FALSE
"742",2008-05-31 09:45:00,2008-05-31,13.89,5.75,15.811,15.811,15.811,8.499,6.172,2.376,20.196,TRUE
"743",2008-06-01 02:00:00,2008-06-01,0.01,0,0.12,0.06,0.04,0.02,0.01,0,0,FALSE
"744",2008-06-01 12:45:00,2008-06-01,1.59,3.5,2.821,2.771,2.754,1.989,1.003,0.171,0.341,FALSE
"745",2008-06-03 19:15:00,2008-06-03,7.88,8,12.578,12.578,12.578,10.796,5.814,1.349,14.558,TRUE
"746",2008-06-04 14:30:00,2008-06-04,14.32,7.75,30.949,30.949,30.949,20.119,12.539,3.088,62.129,TRUE
"747",2008-06-07 14:15:00,2008-06-07,0.23,1.5,0.41,0.305,0.305,0.252,0.214,0.018,0.005,FALSE
"748",2008-06-08 02:45:00,2008-06-08,0.65,6,0.46,0.46,0.46,0.383,0.295,0.054,0.021,FALSE
"749",2008-06-10 17:00:00,2008-06-10,8.32,3.25,19.159,19.139,19.132,11.164,5.965,1.656,18.485,FALSE
"750",2008-06-14 16:15:00,2008-06-14,0.21,4,0.324,0.258,0.237,0.206,0.121,0.016,0.003,FALSE
"751",2008-06-16 03:15:00,2008-06-16,0.07,3.75,0.292,0.16,0.116,0.093,0.049,0.004,0,FALSE
"752",2008-06-16 14:15:00,2008-06-16,6.02,15,5.013,5.013,5.013,3.034,2.13,0.698,2.118,FALSE
"753",2008-06-18 15:30:00,2008-06-18,0.25,2.75,0.39,0.276,0.276,0.173,0.153,0.019,0.003,FALSE
"754",2008-06-22 20:30:00,2008-06-22,0.13,1.25,0.484,0.444,0.431,0.229,0.124,0.011,0.002,FALSE
"755",2008-06-23 18:15:00,2008-06-23,2.84,3.75,8.952,8.952,8.952,4.843,2.528,0.472,2.284,FALSE
"756",2008-06-26 03:15:00,2008-06-26,0.08,5.5,0.52,0.32,0.253,0.129,0.066,0.004,0.001,FALSE
"757",2008-06-27 15:30:00,2008-06-27,4.6,1.5,5.426,5.426,5.426,4.654,4.003,0.618,2.878,FALSE
"758",2008-06-28 13:00:00,2008-06-28,0.15,0.5,0.499,0.379,0.339,0.294,0.15,0.011,0.003,FALSE
"759",2008-06-28 20:00:00,2008-06-28,1.04,1.25,1.567,1.495,1.47,1.017,1.006,0.101,0.103,FALSE
"760",2008-06-29 03:45:00,2008-06-29,0.02,0.25,0.162,0.108,0.09,0.04,0.02,0.001,0,FALSE
"761",2008-06-29 14:30:00,2008-06-29,0.14,0.5,0.563,0.51,0.492,0.282,0.14,0.012,0.003,FALSE
"762",2008-06-30 12:30:00,2008-06-30,0.53,9,1.699,1.478,1.404,0.704,0.354,0.047,0.033,FALSE
"763",2008-07-01 16:15:00,2008-07-01,0.12,0.5,0.432,0.348,0.321,0.246,0.12,0.009,0.002,FALSE
"764",2008-07-04 04:30:00,2008-07-04,1.41,2,1.866,1.866,1.866,1.32,0.866,0.138,0.182,FALSE
"765",2008-07-04 15:45:00,2008-07-04,2.84,17.5,1.49,1.49,1.49,1.25,0.911,0.266,0.332,FALSE
"766",2008-07-06 10:30:00,2008-07-06,21.08,6,38.923,38.923,38.923,33.139,17.16,5.085,168.516,TRUE
"767",2008-07-07 01:30:00,2008-07-07,0.1,0.5,0.64,0.352,0.256,0.192,0.1,0.004,0.001,FALSE
"768",2008-07-07 20:30:00,2008-07-07,0.02,0.25,0.192,0.12,0.096,0.04,0.02,0.001,0,FALSE
"769",2008-07-09 06:30:00,2008-07-09,10.13,18,23.514,23.514,23.514,19.547,9.886,2.441,47.722,TRUE
"770",2008-07-10 20:30:00,2008-07-10,0.23,4.25,0.471,0.291,0.231,0.169,0.109,0.016,0.003,FALSE
"771",2008-07-11 08:15:00,2008-07-11,0.02,0.25,0.16,0.1,0.08,0.04,0.02,0.001,0,FALSE
"772",2008-07-11 21:00:00,2008-07-11,0.01,0,0.12,0.06,0.04,0.02,0.01,0,0,FALSE
"773",2008-07-12 14:45:00,2008-07-12,0.19,0.5,0.761,0.612,0.562,0.381,0.19,0.014,0.006,FALSE
"774",2008-07-12 23:00:00,2008-07-12,0.02,0.25,0.16,0.1,0.08,0.04,0.02,0.001,0,FALSE
"775",2008-07-13 16:30:00,2008-07-13,24.87,14,10.692,10.692,10.692,10.08,7.783,3.836,38.667,TRUE
"776",2008-07-14 20:15:00,2008-07-14,0.13,4.5,0.208,0.142,0.12,0.086,0.074,0.009,0.001,FALSE
"777",2008-07-19 02:45:00,2008-07-19,10.44,2.25,54.543,32.471,25.114,12.696,6.487,1.244,15.793,FALSE
"778",2008-07-20 20:00:00,2008-07-20,2.76,3.75,4.984,4.984,4.984,2.759,1.646,0.312,0.861,FALSE
"779",2008-07-22 21:45:00,2008-07-22,3.54,3.75,5.517,5.517,5.517,2.814,2.661,0.487,1.371,FALSE
"780",2008-07-23 11:30:00,2008-07-23,30.02,14,34.349,34.349,34.349,21.58,15.211,6.064,130.851,TRUE
"781",2008-07-27 11:00:00,2008-07-27,1.29,4.5,1.983,1.983,1.983,1.049,0.582,0.133,0.139,FALSE
"782",2008-07-29 01:15:00,2008-07-29,0.01,0,0.12,0.06,0.04,0.02,0.01,0,0,FALSE
"783",2008-07-30 16:00:00,2008-07-30,1.19,6.25,6.926,4.966,4.313,2.163,1.088,0.104,0.225,FALSE
"784",2008-08-02 03:30:00,2008-08-02,3.31,4.75,4.216,4.216,4.216,3.052,2.734,0.39,1.191,FALSE
"785",2008-08-02 15:00:00,2008-08-02,9.25,3.5,38.607,29.475,26.431,18.1,9.108,1.757,31.809,TRUE
"786",2008-08-05 12:45:00,2008-08-05,0.06,2,0.176,0.116,0.096,0.054,0.033,0.004,0,FALSE
"787",2008-08-07 15:15:00,2008-08-07,0.04,2.75,0.179,0.102,0.076,0.039,0.021,0.002,0,FALSE
"788",2008-08-13 15:45:00,2008-08-13,4.24,2.75,7.408,7.408,7.408,6.038,3.737,0.625,3.772,FALSE
"789",2008-08-14 13:00:00,2008-08-14,0.65,4.5,1.824,1.824,1.824,1.132,0.574,0.066,0.075,FALSE
"790",2008-08-15 13:30:00,2008-08-15,0.02,0.25,0.128,0.08,0.064,0.04,0.02,0.001,0,FALSE
"791",2008-08-25 09:30:00,2008-08-25,0.53,0.5,1.344,1.287,1.268,1.055,0.53,0.051,0.054,FALSE
"792",2008-08-27 17:30:00,2008-08-27,39.56,48,23.193,23.193,23.193,18.618,15.886,7.108,132.327,TRUE
"793",2008-08-30 18:00:00,2008-08-30,1.09,14.5,2.411,1.792,1.586,0.936,0.471,0.087,0.081,FALSE
"794",2008-08-31 20:00:00,2008-08-31,0.22,2,0.475,0.295,0.235,0.154,0.14,0.016,0.002,FALSE
"795",2008-09-04 03:45:00,2008-09-04,0.02,0.25,0.16,0.1,0.08,0.04,0.02,0.001,0,FALSE
"796",2008-09-05 19:15:00,2008-09-05,52.3,20.75,16.345,16.345,16.345,13.38,9.939,8.715,116.613,TRUE
"797",2008-09-07 19:30:00,2008-09-07,0.12,1.5,0.26,0.17,0.14,0.136,0.098,0.008,0.001,FALSE
"798",2008-09-09 08:15:00,2008-09-09,7.91,5,17.254,16.721,16.544,15.029,7.521,1.717,25.803,TRUE
"799",2008-09-09 21:15:00,2008-09-09,0.22,0.75,1.154,0.906,0.824,0.431,0.22,0.016,0.007,FALSE
"800",2008-09-12 12:15:00,2008-09-12,37.1,11,24.978,24.978,24.978,18.63,15.251,7.543,140.53,TRUE
"801",2008-09-13 19:45:00,2008-09-13,0.74,2,0.76,0.544,0.544,0.459,0.426,0.061,0.028,FALSE
"802",2008-09-15 21:15:00,2008-09-15,0.95,8.5,1.279,1.04,1.04,0.76,0.553,0.079,0.06,FALSE
"803",2008-09-25 15:00:00,2008-09-25,9.07,7.5,6.754,6.754,6.754,5.982,4.741,1.149,6.872,TRUE
"804",2008-09-26 05:15:00,2008-09-26,1.49,0.5,3.218,3.065,3.013,2.98,1.49,0.183,0.545,FALSE
"805",2008-09-26 20:15:00,2008-09-26,152.16,29.75,58.368,58.368,58.368,54.933,40.962,36.628,2012.078,TRUE
"806",2008-09-28 08:15:00,2008-09-28,0.68,4.75,1.381,1.381,1.381,0.727,0.4,0.061,0.044,TRUE
"807",2008-09-28 20:45:00,2008-09-28,0.09,1,0.204,0.12,0.114,0.093,0.091,0.006,0.001,TRUE
"808",2008-09-30 17:30:00,2008-09-30,15.94,3,45.306,44.686,44.479,26.98,14.759,3.848,103.823,TRUE
"809",2008-10-01 14:45:00,2008-10-01,1.05,7,0.832,0.832,0.832,0.798,0.656,0.095,0.076,FALSE
"810",2008-10-08 19:00:00,2008-10-08,0.56,3.75,0.545,0.545,0.545,0.541,0.29,0.047,0.026,FALSE
"811",2008-10-11 00:30:00,2008-10-11,0.22,0.75,0.4,0.34,0.333,0.327,0.22,0.018,0.006,FALSE
"812",2008-10-12 02:30:00,2008-10-12,0.04,0.25,0.258,0.198,0.178,0.08,0.04,0.003,0,FALSE
"813",2008-10-14 02:45:00,2008-10-14,0.08,0.25,0.64,0.4,0.32,0.16,0.08,0.003,0.001,FALSE
"814",2008-10-15 23:45:00,2008-10-15,0.04,0,0.48,0.24,0.16,0.08,0.04,0,0,FALSE
"815",2008-10-16 10:45:00,2008-10-16,1.48,4.5,1.742,1.742,1.742,1.351,0.837,0.134,0.181,FALSE
"816",2008-10-24 23:00:00,2008-10-24,36.71,19.75,38.572,38.572,38.572,34.633,22.542,7.652,265.003,TRUE
"817",2008-10-27 12:00:00,2008-10-27,14.3,22.25,3.101,3.101,3.101,2.457,1.847,1.393,3.422,TRUE
"871",2009-04-03 00:00:00,2009-04-03,29.15,16,11.86,11.86,11.86,11.445,10.03,5.016,57.408,TRUE
"872",2009-04-05 21:30:00,2009-04-05,3.9,16.5,3.196,3.196,3.196,2.953,1.556,0.398,1.175,FALSE
"873",2009-04-10 18:00:00,2009-04-10,0.02,0,0.24,0.12,0.08,0.04,0.02,0,0,FALSE
"874",2009-04-11 02:45:00,2009-04-11,22.25,10,5.719,5.719,5.719,5.172,4.731,2.963,15.324,TRUE
"875",2009-04-13 18:00:00,2009-04-13,12.53,14.25,6.524,6.524,6.524,4.88,3.364,1.596,7.788,TRUE
"876",2009-04-14 19:00:00,2009-04-14,39.65,26,14.005,14.005,14.005,13.83,9.165,5.572,77.055,TRUE
"877",2009-04-19 17:15:00,2009-04-19,31.28,32.75,8.902,8.902,8.902,7.303,6.368,4.436,32.392,TRUE
"878",2009-04-21 16:45:00,2009-04-21,1.9,8.5,2.045,2.045,2.045,1.88,1.137,0.192,0.36,TRUE
"879",2009-04-22 09:45:00,2009-04-22,1.4,7.5,1.563,1.473,1.443,1.325,0.718,0.129,0.171,TRUE
"880",2009-04-25 20:00:00,2009-04-25,0.09,4,0.107,0.08,0.08,0.065,0.044,0.007,0,FALSE
"881",2009-04-26 21:00:00,2009-04-26,0.16,1.5,0.18,0.147,0.147,0.133,0.112,0.012,0.002,FALSE
"882",2009-04-29 04:45:00,2009-04-29,2.16,2.5,2.018,2.018,2.018,1.834,1.524,0.218,0.4,FALSE
"883",2009-04-29 17:45:00,2009-04-29,0.05,0.5,0.197,0.149,0.133,0.104,0.05,0.004,0,FALSE
"884",2009-05-01 00:30:00,2009-05-01,5.87,17,12.48,12.48,12.48,7.058,3.666,0.92,6.492,TRUE
"885",2009-05-02 02:30:00,2009-05-02,0.92,7.25,0.552,0.552,0.552,0.338,0.217,0.078,0.026,FALSE
"886",2009-05-02 23:45:00,2009-05-02,51.14,39.5,13.425,13.425,13.425,6.825,5.547,6.664,45.483,TRUE
"887",2009-05-05 16:00:00,2009-05-05,7.4,6.25,7.312,7.312,7.312,6.916,5.055,1.006,6.956,TRUE
"888",2009-05-06 17:45:00,2009-05-06,24.85,19.5,14.491,14.491,14.491,14.151,9.329,4.223,59.758,TRUE
"889",2009-05-07 21:30:00,2009-05-07,5.17,5,9.344,9.057,9.013,8.987,4.556,0.89,7.999,TRUE
"890",2009-05-08 20:15:00,2009-05-08,1.89,5.5,2.197,2.197,2.197,1.989,1.593,0.196,0.391,TRUE
"891",2009-05-09 17:00:00,2009-05-09,0.02,0.25,0.175,0.115,0.095,0.04,0.02,0.001,0,FALSE
"892",2009-05-11 08:45:00,2009-05-11,1.06,11.75,1.432,1.432,1.432,1.385,0.71,0.101,0.14,FALSE
"893",2009-05-14 03:45:00,2009-05-14,1.43,7,1.352,0.996,0.878,0.694,0.531,0.123,0.085,FALSE
"894",2009-05-14 18:45:00,2009-05-14,13.08,2.5,21.308,21.308,21.308,17.671,11.43,2.723,48.114,TRUE
"895",2009-05-16 17:15:00,2009-05-16,7.3,15,5.461,5.461,5.461,5.394,4.061,0.922,4.972,TRUE
"896",2009-05-22 03:30:00,2009-05-22,0.04,0.25,0.32,0.2,0.16,0.08,0.04,0.002,0,FALSE
"897",2009-05-25 12:15:00,2009-05-25,12.81,23.5,3.584,3.584,3.584,3.283,2.512,1.386,4.551,TRUE
"898",2009-05-27 20:30:00,2009-05-27,0.41,1.25,0.919,0.62,0.52,0.42,0.347,0.031,0.013,FALSE
"899",2009-05-28 17:15:00,2009-05-28,7.71,10,8.132,7.82,7.715,5.808,3.45,1.02,5.924,TRUE
"900",2009-05-29 13:30:00,2009-05-29,10.82,4,21.312,21.312,21.312,12.45,8.019,2.032,25.3,TRUE
"901",2009-05-31 04:30:00,2009-05-31,1.45,1.75,2.427,2.427,2.427,2.084,1.351,0.155,0.322,TRUE
"902",2009-06-03 00:45:00,2009-06-03,0.96,3.5,1.833,1.833,1.833,1.1,0.63,0.092,0.102,FALSE
"903",2009-06-03 13:45:00,2009-06-03,0.06,0.25,0.509,0.303,0.234,0.12,0.06,0.002,0,FALSE
"904",2009-06-03 20:30:00,2009-06-03,15.45,3,15.192,15.192,15.192,11.52,10.513,2.842,32.737,TRUE
"905",2009-06-04 11:45:00,2009-06-04,37.97,30.5,4.393,4.393,4.393,4.234,4.127,4.281,18.127,TRUE
"906",2009-06-09 03:00:00,2009-06-09,1.16,3.5,1.973,1.973,1.973,1.682,0.854,0.118,0.198,FALSE
"907",2009-06-09 15:45:00,2009-06-09,18.89,1.75,47.266,47.266,47.266,29.878,18.161,4.749,141.891,TRUE
"908",2009-06-10 18:15:00,2009-06-10,4.11,4.75,3.473,3.283,3.283,2.598,1.79,0.451,1.171,TRUE
"909",2009-06-11 09:15:00,2009-06-11,0.41,0.5,1.443,1.443,1.443,0.815,0.41,0.041,0.033,FALSE
"910",2009-06-11 17:30:00,2009-06-11,0.01,0,0.12,0.06,0.04,0.02,0.01,0,0,FALSE
"911",2009-06-12 00:15:00,2009-06-12,1.64,3.5,2.182,2.182,2.182,1.556,1.247,0.162,0.253,TRUE
"912",2009-06-13 21:00:00,2009-06-13,0.52,4.75,1.06,1.06,1.06,0.559,0.309,0.047,0.026,FALSE
"913",2009-06-17 09:45:00,2009-06-17,13.96,26.75,7.03,7.03,7.03,5.458,3.872,1.697,9.262,TRUE
"914",2009-06-28 16:00:00,2009-06-28,2.56,10.5,5.769,5.769,5.769,3.081,1.603,0.32,0.986,FALSE
"915",2009-06-30 12:15:00,2009-06-30,2.71,12.25,3.481,3.366,3.328,3.004,1.874,0.297,0.892,TRUE
"916",2009-07-01 17:15:00,2009-07-01,12.14,4.75,22.262,22.09,22.033,21.563,10.864,2.851,61.485,TRUE
"917",2009-07-11 23:15:00,2009-07-11,0.18,0.5,0.573,0.513,0.493,0.353,0.18,0.015,0.005,FALSE
"918",2009-07-12 07:45:00,2009-07-12,0.21,0.25,1.479,1,0.84,0.42,0.21,0.012,0.005,FALSE
"919",2009-07-17 11:15:00,2009-07-17,0.83,5.75,1.258,1.258,1.258,0.864,0.586,0.075,0.065,FALSE
"920",2009-07-21 18:45:00,2009-07-21,8.64,2.25,14.204,14.204,14.204,9.545,6.835,1.58,15.077,FALSE
"921",2009-07-22 14:30:00,2009-07-22,3.72,0.5,13.664,13.47,13.406,7.445,3.72,0.762,5.671,FALSE
"922",2009-07-23 07:15:00,2009-07-23,45.71,16.25,50.716,50.716,50.716,37.842,22.346,11.282,426.918,TRUE
"923",2009-07-24 17:00:00,2009-07-24,9.48,1,21.494,21.494,21.494,15.154,9.479,2.082,31.553,FALSE
"924",2009-07-25 18:15:00,2009-07-25,4.46,4,4.976,4.976,4.976,4.567,3.531,0.566,2.587,TRUE
"925",2009-07-26 04:15:00,2009-07-26,1.87,3.5,5.07,5.07,5.07,3.102,1.601,0.245,0.761,FALSE
"926",2009-07-26 17:15:00,2009-07-26,15.56,1.25,39.948,38.349,37.816,28.8,15.406,3.921,112.932,TRUE
"927",2009-07-29 05:30:00,2009-07-29,1.36,17.5,2.041,2.041,2.041,1.418,0.819,0.13,0.184,FALSE
"928",2009-07-31 12:15:00,2009-07-31,27.68,3.25,28.778,28.778,28.778,26.753,23.405,6.618,177.048,TRUE
"929",2009-08-02 00:30:00,2009-08-02,0.03,0.25,0.233,0.161,0.137,0.06,0.03,0.002,0,FALSE
"930",2009-08-02 08:15:00,2009-08-02,4.81,1.75,14.922,14.922,14.922,8.594,4.73,0.964,8.285,TRUE
"931",2009-08-05 18:15:00,2009-08-05,0.02,0,0.24,0.12,0.08,0.04,0.02,0,0,FALSE
"932",2009-08-06 00:45:00,2009-08-06,0.66,6.25,0.509,0.509,0.509,0.47,0.364,0.056,0.026,FALSE
"933",2009-08-08 18:45:00,2009-08-08,1.02,7.25,0.769,0.769,0.769,0.7,0.551,0.088,0.062,FALSE
"934",2009-08-09 18:15:00,2009-08-09,0.16,0.25,1.42,0.85,0.66,0.32,0.16,0.006,0.002,FALSE
"935",2009-08-10 19:45:00,2009-08-10,0.23,0.25,1.139,0.98,0.928,0.46,0.23,0.019,0.009,FALSE
"936",2009-08-11 18:15:00,2009-08-11,1.18,4.75,1.152,1.152,1.152,0.791,0.611,0.104,0.082,FALSE
"937",2009-08-12 08:45:00,2009-08-12,0.01,0,0.12,0.06,0.04,0.02,0.01,0,0,FALSE
"938",2009-08-12 19:30:00,2009-08-12,0.7,6,1.329,0.985,0.985,0.721,0.42,0.053,0.038,FALSE
"939",2009-08-13 14:15:00,2009-08-13,0.17,0.5,0.456,0.421,0.409,0.338,0.17,0.014,0.005,FALSE
"940",2009-08-18 16:45:00,2009-08-18,13,8,27.304,25.89,25.419,18.731,11.414,2.667,49.957,TRUE
"941",2009-08-19 21:30:00,2009-08-19,0.03,0,0.36,0.18,0.12,0.06,0.03,0,0,FALSE
"942",2009-08-20 14:15:00,2009-08-20,0.78,1,1.751,1.751,1.751,1.336,0.778,0.078,0.104,FALSE
"943",2009-08-21 13:00:00,2009-08-21,37.31,17.25,33.084,33.084,33.084,26.309,14.337,8.26,217.308,TRUE
"944",2009-08-22 15:45:00,2009-08-22,9.44,6.25,6.193,6.193,6.193,5.633,4.109,1.157,6.516,TRUE
"945",2009-08-27 18:00:00,2009-08-27,60.38,27.5,60.816,60.816,60.816,49.009,34.002,14.128,692.418,TRUE
"946",2009-08-29 06:45:00,2009-08-29,0.05,0.25,0.366,0.246,0.206,0.1,0.05,0.003,0,TRUE
"947",2009-08-29 19:00:00,2009-08-29,0.79,0.75,2.509,2.039,1.882,1.549,0.79,0.073,0.113,FALSE
"948",2009-09-08 22:15:00,2009-09-08,0.11,9.5,0.22,0.13,0.103,0.097,0.061,0.008,0.001,FALSE
"949",2009-09-09 14:15:00,2009-09-09,1.46,11.75,1.298,1.298,1.298,1.138,0.933,0.137,0.155,FALSE
"950",2009-09-10 20:15:00,2009-09-10,110.72,24.5,20.006,20.006,20.006,18.71,15.432,20.997,392.85,TRUE
"951",2009-09-16 01:45:00,2009-09-16,25.83,4.75,32.896,32.896,32.896,26.397,21.664,6.164,162.722,TRUE
"952",2009-09-16 20:30:00,2009-09-16,5.96,4.75,5.823,5.823,5.823,5.58,3.077,0.759,4.236,TRUE
"953",2009-09-17 07:30:00,2009-09-17,3.55,2,5.707,5.707,5.707,3.762,2.636,0.434,1.633,TRUE
"954",2009-09-22 14:00:00,2009-09-22,0.22,2.75,0.391,0.391,0.391,0.228,0.154,0.018,0.004,FALSE
"955",2009-09-23 22:00:00,2009-09-23,5.5,1,15.253,15.253,15.253,9.694,5.503,1.081,10.479,FALSE
"956",2009-09-24 13:15:00,2009-09-24,2.89,16.75,1.598,1.598,1.598,1.458,1.124,0.265,0.386,FALSE
"957",2009-09-26 12:00:00,2009-09-26,29.63,16.25,7.183,7.183,7.183,6.868,5.302,3.891,26.726,TRUE
"958",2009-09-28 14:15:00,2009-09-28,1.23,1.25,3.475,3.229,3.147,2.356,1.216,0.14,0.329,FALSE
"959",2009-09-30 11:30:00,2009-09-30,0.08,0.25,0.64,0.4,0.32,0.16,0.08,0.003,0.001,FALSE
"960",2009-10-01 23:45:00,2009-10-01,0.05,5.75,0.192,0.132,0.112,0.058,0.03,0.003,0,FALSE
"961",2009-10-02 19:00:00,2009-10-02,1.33,2.5,1.801,1.801,1.801,1.196,1.082,0.131,0.157,FALSE
"962",2009-10-07 00:15:00,2009-10-07,1.18,4.75,2.51,2.51,2.51,1.313,0.684,0.119,0.157,FALSE
"963",2009-10-08 20:00:00,2009-10-08,2.79,9.5,4.049,4.049,4.049,3.229,2.227,0.32,1.034,FALSE
"964",2009-10-10 08:30:00,2009-10-10,0.59,2,0.677,0.677,0.677,0.664,0.462,0.051,0.034,FALSE
"965",2009-10-14 14:45:00,2009-10-14,0.3,6,0.27,0.191,0.191,0.14,0.131,0.024,0.003,FALSE
"966",2009-10-15 06:30:00,2009-10-15,28.03,10,9.718,9.718,9.718,8.536,7.9,4.106,35.045,TRUE
"967",2009-10-16 23:45:00,2009-10-16,54.36,29.25,22.58,22.58,22.58,21.822,17.197,9.503,207.375,TRUE
"968",2009-10-23 04:45:00,2009-10-23,0.03,0.25,0.24,0.15,0.12,0.06,0.03,0.001,0,FALSE
"969",2009-10-23 17:45:00,2009-10-23,3.64,4.75,3.77,3.77,3.77,3.297,2.018,0.402,1.325,FALSE
"970",2009-10-24 10:30:00,2009-10-24,19.54,6.25,12.648,12.648,12.648,11.966,10.356,3.402,40.705,TRUE
"971",2009-10-27 01:00:00,2009-10-27,52.97,29.25,14.948,14.948,14.948,13.017,10.458,8.23,107.133,TRUE
"972",2009-10-31 16:00:00,2009-10-31,8.33,19.75,3.206,3.206,3.206,2.868,2.111,0.85,2.437,TRUE
