,Date,PRECIP,DURATION,MAX_5,MAX_10,MAX_15,MAX_30,MAX_60,ENERGY,EI30
,MO/DA/YR,mm,hrs,mm/hr,mm/hr,mm/hr,mm/hr,mm/hr,MJ/ha,MJ*mm/ha*hr
,----------------------------------------------------------------------------------------------------------------------,,,,,,,,,
1/3/2005 0:15,1/3/2005,0.12,0.25,0.96,0.6,0.48,0.24,0.12,0.005,0.001
1/3/2005 16:00,1/3/2005,0.08,0,0.96,0.48,0.32,0.16,0.08,0,0
1/4/2005 4:30,1/4/2005,0.08,0,0.96,0.48,0.32,0.16,0.08,0,0
1/5/2005 3:15,1/5/2005,9.08,7.5,9.68,8.747,8.747,6.773,4.927,1.126,7.63
1/7/2005 17:00,1/7/2005,0.54,2.25,1.033,0.713,0.62,0.493,0.279,0.043,0.021
1/8/2005 1:30,1/8/2005,6.15,9.5,3.105,3.105,3.105,2.671,1.991,0.637,1.701
1/13/2005 21:15,1/13/2005,8.43,5.5,5.094,5.094,5.094,4.293,3.47,1.085,4.659
1/16/2005 19:30,1/16/2005,0.76,4.25,0.913,0.913,0.913,0.79,0.567,0.066,0.052
1/19/2005 11:30,1/19/2005,1.46,6.5,3.302,2.18,1.806,1.292,0.905,0.117,0.151
1/20/2005 1:15,1/20/2005,0.79,1,1.839,1.319,1.146,1.053,0.793,0.067,0.071
1/22/2005 6:30,1/22/2005,15.57,9,7.176,7.176,7.176,7.02,5.898,2.008,14.096
1/24/2005 14:15,1/24/2005,1.25,4.5,1.133,1.133,1.133,0.893,0.875,0.114,0.102
1/30/2005 3:15,1/30/2005,4.24,10.5,2.21,1.663,1.663,1.478,1.228,0.384,0.568
2/3/2005 11:30,2/3/2005,2.24,20.75,1.601,1.601,1.601,1.142,0.768,0.202,0.231
2/8/2005 3:45,2/8/2005,0.02,0,0.24,0.12,0.08,0.04,0.02,0,0
2/9/2005 19:30,2/9/2005,3.89,7.75,3.727,3.727,3.727,3.717,2.502,0.456,1.694
2/12/2005 11:00,2/12/2005,0.05,0.5,0.226,0.167,0.147,0.105,0.05,0.004,0
2/14/2005 0:45,2/14/2005,15.17,20,5.207,5.207,5.207,4.314,3.873,1.669,7.199
2/15/2005 10:00,2/15/2005,0.02,0.25,0.16,0.1,0.08,0.04,0.02,0.001,0
2/16/2005 12:30,2/16/2005,2.06,2.75,3.743,3.743,3.743,2.831,1.66,0.237,0.67
2/17/2005 13:00,2/17/2005,0.13,4,0.208,0.148,0.128,0.071,0.043,0.01,0.001
2/20/2005 13:00,2/20/2005,4.59,14,7.607,7.607,7.607,5.002,3.037,0.61,3.049
2/21/2005 22:45,2/21/2005,0.47,0.5,2.133,1.671,1.517,0.943,0.47,0.038,0.036
2/22/2005 21:45,2/22/2005,0.24,1.75,0.253,0.253,0.253,0.194,0.178,0.019,0.004
2/24/2005 4:15,2/24/2005,10.09,22.25,2.747,2.747,2.747,2.533,2.247,0.994,2.517
2/28/2005 8:45,2/28/2005,4.11,17.5,1.356,1.356,1.356,1.18,1.008,0.371,0.438
3/4/2005 19:00,3/4/2005,0.48,2.75,0.38,0.32,0.32,0.263,0.247,0.04,0.011
3/8/2005 2:45,3/8/2005,7.85,9,2.317,2.317,2.317,2.148,1.775,0.813,1.747
3/11/2005 6:00,3/11/2005,0.02,0,0.24,0.12,0.08,0.04,0.02,0,0
3/11/2005 14:00,3/11/2005,1.47,7.25,2.204,2.204,2.204,1.621,0.944,0.145,0.235
3/12/2005 11:45,3/12/2005,0.43,4.5,0.76,0.76,0.76,0.433,0.252,0.035,0.015
3/19/2005 21:00,3/19/2005,6.88,20,7.59,7.59,7.59,6.899,3.653,0.918,6.332
3/22/2005 22:45,3/22/2005,56.83,16.25,14.263,14.263,14.263,13.698,12.283,9.226,126.374
3/24/2005 0:00,3/24/2005,0.02,0,0.24,0.12,0.08,0.04,0.02,0,0
3/26/2005 1:30,3/26/2005,1.64,5,3.269,3.269,3.269,2.24,1.325,0.18,0.404
3/27/2005 13:15,3/27/2005,6.5,11.5,7.441,7.441,7.441,6.982,4.305,0.88,6.145
3/28/2005 7:00,3/28/2005,35.83,11,21.252,21.252,21.252,13.307,9.335,6.275,83.496
3/30/2005 3:00,3/30/2005,0.2,2.25,0.3,0.18,0.14,0.107,0.105,0.015,0.002
3/30/2005 19:30,3/30/2005,3,8.5,0.474,0.453,0.453,0.45,0.448,0.26,0.117
4/1/2005 19:45,4/1/2005,57.07,29,16.178,16.178,16.178,14.343,12.031,9.134,131.014
4/3/2005 14:45,4/3/2005,1.15,3.25,1.128,1.128,1.128,1.028,0.833,0.104,0.107
4/5/2005 19:30,4/5/2005,1.1,6.75,0.307,0.307,0.307,0.303,0.293,0.093,0.028
4/6/2005 21:30,4/6/2005,0.21,3.25,0.16,0.16,0.16,0.107,0.08,0.017,0.002
4/9/2005 22:00,4/9/2005,0.02,0.25,0.16,0.1,0.08,0.04,0.02,0.001,0
4/10/2005 5:30,4/10/2005,0.15,0.75,1.38,0.72,0.5,0.27,0.15,0.003,0.001
4/11/2005 1:00,4/11/2005,0.21,3,0.17,0.12,0.12,0.113,0.095,0.017,0.002
4/11/2005 23:00,4/11/2005,0.02,0,0.24,0.12,0.08,0.04,0.02,0,0
4/19/2005 16:45,4/19/2005,0.15,0.25,1.633,0.853,0.593,0.3,0.15,0.002,0
4/20/2005 1:45,4/20/2005,0.01,0,0.12,0.06,0.04,0.02,0.01,0,0
4/20/2005 23:15,4/20/2005,0.28,1,0.793,0.623,0.566,0.343,0.283,0.022,0.008
4/21/2005 9:00,4/21/2005,1.13,5.5,0.765,0.638,0.638,0.618,0.538,0.098,0.06
4/21/2005 22:45,4/21/2005,0.01,0,0.12,0.06,0.04,0.02,0.01,0,0
4/22/2005 5:00,4/22/2005,1.28,4.5,1.381,1.381,1.381,1.25,1.062,0.122,0.153
4/22/2005 21:15,4/22/2005,1.93,7.25,1.162,1.162,1.162,0.947,0.699,0.173,0.163
4/23/2005 16:00,4/23/2005,18.34,9.75,52.029,52.029,52.029,29.642,17.492,4.516,133.858
4/24/2005 11:30,4/24/2005,1.23,20.75,2.739,1.54,1.14,0.654,0.409,0.087,0.057
4/25/2005 20:30,4/25/2005,1.2,6.25,0.3,0.26,0.26,0.253,0.233,0.1,0.025
4/26/2005 20:15,4/26/2005,1.35,4.75,1.352,1.352,1.352,1.297,0.761,0.123,0.16
4/28/2005 14:30,4/28/2005,0.02,0,0.24,0.12,0.08,0.04,0.02,0,0
4/29/2005 2:30,4/29/2005,0.12,5.25,0.187,0.187,0.187,0.128,0.088,0.009,0.001
4/30/2005 0:00,4/30/2005,29.41,30.25,7.251,7.251,7.251,6.059,4.776,3.492,21.159
5/2/2005 0:15,5/2/2005,0.26,2.5,0.18,0.18,0.18,0.17,0.157,0.021,0.004
5/2/2005 14:00,5/2/2005,1.26,2.75,2.527,2.527,2.527,1.707,0.973,0.129,0.22
5/3/2005 16:30,5/3/2005,1.54,13,0.393,0.393,0.393,0.35,0.292,0.129,0.045
5/4/2005 20:45,5/4/2005,0.41,3.25,0.413,0.38,0.38,0.363,0.293,0.033,0.012
5/5/2005 21:00,5/5/2005,0.15,2.5,0.2,0.14,0.133,0.113,0.102,0.012,0.001
5/9/2005 20:15,5/9/2005,1.53,8.25,0.42,0.42,0.42,0.417,0.39,0.129,0.054
5/10/2005 20:30,5/10/2005,0.29,3.75,0.413,0.233,0.22,0.207,0.16,0.021,0.004
5/11/2005 20:15,5/11/2005,0.06,0.75,0.2,0.14,0.12,0.087,0.06,0.004,0
5/12/2005 6:00,5/12/2005,0.04,4.5,0.242,0.122,0.082,0.042,0.022,0.002,0
5/14/2005 5:45,5/14/2005,0.07,0.25,0.486,0.325,0.271,0.14,0.07,0.003,0
5/14/2005 19:15,5/14/2005,6.19,7,8.268,8.268,8.268,8.099,5.332,0.969,7.847
5/15/2005 23:00,5/15/2005,2.38,2.25,4.832,4.832,4.832,3.347,1.882,0.292,0.978
5/18/2005 20:30,5/18/2005,0.5,3.75,0.226,0.213,0.213,0.203,0.192,0.041,0.008
5/19/2005 21:00,5/19/2005,34.48,17.5,9.869,9.869,9.869,9.72,8.436,4.73,45.979
5/22/2005 22:45,5/22/2005,0.6,0.75,1.432,1.043,0.913,0.896,0.6,0.05,0.045
5/24/2005 13:45,5/24/2005,14.31,5,18.031,18.031,18.031,13.446,8.028,2.462,33.109
5/25/2005 7:15,5/25/2005,3,2,3.208,3.208,3.208,2.833,1.94,0.331,0.938
5/25/2005 20:45,5/25/2005,0.1,0.25,0.702,0.468,0.39,0.2,0.1,0.005,0.001
6/2/2005 23:15,6/2/2005,18.36,12.5,15.173,15.173,15.173,13.68,10.307,2.976,40.717
6/4/2005 11:15,6/4/2005,0.02,0,0.24,0.12,0.08,0.04,0.02,0,0
6/6/2005 5:30,6/6/2005,0.02,0.25,0.16,0.1,0.08,0.04,0.02,0.001,0
6/6/2005 18:00,6/6/2005,25.3,4,51.36,51.36,51.36,38.8,20.31,6.162,239.102
6/9/2005 19:30,6/9/2005,6.25,1.5,15.347,10.924,9.45,7.795,5.951,0.845,6.59
6/13/2005 18:15,6/13/2005,0.06,0.25,0.513,0.296,0.223,0.12,0.06,0.002,0
6/19/2005 15:45,6/19/2005,0.02,0.25,0.16,0.1,0.08,0.04,0.02,0.001,0
6/22/2005 6:30,6/22/2005,0.44,3.5,0.522,0.484,0.471,0.379,0.287,0.038,0.014
6/22/2005 16:30,6/22/2005,0.01,0,0.12,0.06,0.04,0.02,0.01,0,0
6/27/2005 10:30,6/27/2005,0.79,8.25,0.739,0.739,0.739,0.403,0.229,0.066,0.027
6/28/2005 13:45,6/28/2005,35.18,5.25,43.277,43.277,43.277,36.871,30.724,8.887,327.68
6/29/2005 4:15,6/29/2005,0.04,0.25,0.387,0.217,0.16,0.08,0.04,0.001,0
7/1/2005 22:15,7/1/2005,8.6,0.5,25.119,24.979,24.933,17.203,8.6,2.078,35.752
7/5/2005 12:15,7/5/2005,0.12,0.25,0.777,0.561,0.489,0.24,0.12,0.008,0.002
7/5/2005 20:15,7/5/2005,14.87,3.25,32.771,32.771,32.771,21.436,12.322,3.306,70.867
7/7/2005 16:15,7/7/2005,56.2,17.5,17.617,17.617,17.617,17.302,15.46,10.319,178.541
7/13/2005 19:15,7/13/2005,15.54,0.75,57.429,49.475,46.824,30.738,15.54,3.773,115.968
7/14/2005 12:30,7/14/2005,4.8,7.25,5.359,5.359,5.359,3.357,2.589,0.576,1.935
7/15/2005 2:00,7/15/2005,8.41,3,10.054,9.19,8.902,7.658,4.419,1.169,8.951
7/15/2005 15:45,7/15/2005,0.64,8,0.792,0.792,0.792,0.413,0.223,0.053,0.022
7/16/2005 8:45,7/16/2005,28.26,15.75,19.345,19.345,19.345,14.212,9.682,5.308,75.432
7/19/2005 17:00,7/19/2005,0.1,0.25,1.087,0.587,0.42,0.2,0.1,0.002,0
7/21/2005 15:15,7/21/2005,0.22,2.5,0.94,0.49,0.34,0.19,0.115,0.012,0.002
7/22/2005 23:45,7/22/2005,0.3,0.5,1.085,0.966,0.926,0.606,0.3,0.026,0.016
7/24/2005 23:15,7/24/2005,14.31,6.5,38.844,38.844,38.844,21.837,11.327,3.212,70.148
7/27/2005 17:15,7/27/2005,5.18,2,9.831,9.803,9.794,7.225,4.635,0.833,6.016
7/29/2005 12:30,7/29/2005,1.11,2,2.32,2.32,2.32,1.3,0.778,0.114,0.148
8/3/2005 14:15,8/3/2005,0.02,0.25,0.16,0.1,0.08,0.04,0.02,0.001,0
8/5/2005 18:00,8/5/2005,15.41,10,27.491,27.491,27.491,22.157,14.228,3.506,77.691
8/6/2005 19:00,8/6/2005,0.3,10.5,0.36,0.36,0.36,0.32,0.227,0.024,0.008
8/7/2005 11:30,8/7/2005,0.08,0.75,0.7,0.37,0.26,0.15,0.08,0.002,0
8/8/2005 14:00,8/8/2005,6.73,24.25,2.72,2.72,2.72,2.41,1.482,0.66,1.59
8/10/2005 22:30,8/10/2005,0.04,5.25,0.244,0.124,0.084,0.044,0.024,0.002,0
8/11/2005 13:00,8/11/2005,0.02,0,0.24,0.12,0.08,0.04,0.02,0,0
8/12/2005 1:30,8/12/2005,0.01,0,0.12,0.06,0.04,0.02,0.01,0,0
8/14/2005 22:30,8/14/2005,0.07,1.5,0.19,0.14,0.14,0.09,0.05,0.005,0
8/15/2005 14:15,8/15/2005,7.39,23,9.237,9.237,9.237,8.867,5.511,1.129,10.012
8/16/2005 22:15,8/16/2005,0.18,4.25,0.32,0.2,0.16,0.12,0.07,0.013,0.002
8/17/2005 20:00,8/17/2005,3.43,9,3.9,3.9,3.9,3.325,2.413,0.392,1.304
8/18/2005 20:30,8/18/2005,0.02,0.25,0.16,0.1,0.08,0.04,0.02,0.001,0
8/19/2005 3:15,8/19/2005,4.81,9,5.359,5.359,5.359,4.097,2.715,0.56,2.296
8/20/2005 20:45,8/20/2005,0.03,0.25,0.2,0.14,0.12,0.06,0.03,0.002,0
8/21/2005 5:30,8/21/2005,0.25,0.75,0.88,0.46,0.34,0.34,0.25,0.016,0.005
8/21/2005 19:45,8/21/2005,2.3,6.75,2.367,2.367,2.367,1.81,1.515,0.227,0.411
8/22/2005 19:45,8/22/2005,0.49,11.5,0.24,0.18,0.16,0.1,0.082,0.04,0.004
8/23/2005 20:00,8/23/2005,0.55,4.25,0.226,0.2,0.2,0.197,0.177,0.045,0.009
8/24/2005 10:30,8/24/2005,1.66,38.5,1.447,1.447,1.447,0.763,0.433,0.145,0.11
8/26/2005 23:00,8/26/2005,2.85,12.75,2.778,2.778,2.778,2.315,1.932,0.299,0.692
8/27/2005 17:45,8/27/2005,16.21,13.5,17.3,17.3,17.3,11.308,9.625,2.873,32.488
8/28/2005 19:45,8/28/2005,1.59,9.75,0.649,0.533,0.533,0.467,0.381,0.134,0.063
8/29/2005 20:15,8/29/2005,0.13,3.25,0.24,0.18,0.16,0.12,0.082,0.01,0.001
8/30/2005 20:15,8/30/2005,0.16,0.5,0.739,0.57,0.513,0.317,0.16,0.011,0.004
8/31/2005 19:45,8/31/2005,0.77,7.5,0.286,0.207,0.18,0.14,0.127,0.063,0.009
9/1/2005 19:15,9/1/2005,2.09,11.5,0.36,0.36,0.36,0.35,0.333,0.177,0.062
9/2/2005 19:15,9/2/2005,0.58,11,0.18,0.16,0.16,0.157,0.148,0.047,0.007
9/3/2005 15:45,9/3/2005,3.44,34,0.353,0.353,0.353,0.35,0.337,0.293,0.102
9/5/2005 11:45,9/5/2005,0.62,12.5,0.36,0.2,0.193,0.187,0.16,0.05,0.009
9/6/2005 11:45,9/6/2005,0.02,0,0.24,0.12,0.08,0.04,0.02,0,0
9/6/2005 19:30,9/6/2005,0.37,6,0.303,0.195,0.159,0.146,0.12,0.029,0.004
9/7/2005 19:30,9/7/2005,0.29,5.25,0.306,0.217,0.187,0.153,0.118,0.023,0.003
9/8/2005 19:30,9/8/2005,1.38,6.5,1.787,1.787,1.787,1.193,0.675,0.129,0.153
9/9/2005 19:30,9/9/2005,1.54,9.25,0.573,0.383,0.347,0.33,0.295,0.128,0.042
9/10/2005 19:00,9/10/2005,1.56,8,0.43,0.43,0.43,0.43,0.43,0.132,0.057
9/11/2005 19:30,9/11/2005,0.38,3.5,0.413,0.293,0.253,0.207,0.178,0.03,0.006
9/12/2005 20:00,9/12/2005,0.24,7,0.14,0.127,0.127,0.1,0.08,0.019,0.002
9/13/2005 13:30,9/13/2005,0.35,10.25,0.16,0.127,0.127,0.107,0.091,0.028,0.003
9/14/2005 9:15,9/14/2005,0.63,0.5,4.221,2.87,2.42,1.268,0.63,0.042,0.054
9/14/2005 20:00,9/14/2005,0.45,5,0.464,0.29,0.232,0.174,0.158,0.035,0.006
9/15/2005 19:30,9/15/2005,2.19,10.75,0.776,0.506,0.416,0.381,0.364,0.184,0.07
9/21/2005 14:30,9/21/2005,2.57,13.5,0.48,0.48,0.48,0.46,0.447,0.221,0.102
9/23/2005 19:15,9/23/2005,3.68,28.5,0.713,0.713,0.713,0.683,0.62,0.323,0.221
9/26/2005 14:00,9/26/2005,2.74,12.5,1.824,1.824,1.824,1.414,1.231,0.263,0.372
9/27/2005 18:45,9/27/2005,3.08,13.5,0.527,0.527,0.527,0.483,0.462,0.267,0.129
9/30/2005 19:30,9/30/2005,0.4,7,0.25,0.16,0.133,0.12,0.098,0.032,0.004
10/1/2005 20:45,10/1/2005,0.23,6.75,0.26,0.14,0.1,0.07,0.065,0.017,0.001
10/2/2005 13:00,10/2/2005,0.02,0,0.24,0.12,0.08,0.04,0.02,0,0
10/2/2005 19:15,10/2/2005,1.5,11.5,0.28,0.253,0.253,0.23,0.203,0.124,0.028
10/3/2005 13:00,10/3/2005,1.26,13.25,0.26,0.26,0.26,0.257,0.232,0.105,0.027
10/4/2005 21:15,10/4/2005,0.11,1.75,0.173,0.113,0.093,0.09,0.077,0.008,0.001
10/5/2005 19:15,10/5/2005,1.1,13.5,0.352,0.352,0.352,0.211,0.17,0.091,0.019
10/7/2005 3:00,10/7/2005,228.5,39.25,31.533,31.533,31.533,23.833,19.727,47.829,1139.924
10/9/2005 18:45,10/9/2005,0.94,8,0.54,0.39,0.34,0.3,0.262,0.076,0.023
10/10/2005 20:00,10/10/2005,1.46,12,1.241,1.241,1.241,1.206,0.858,0.133,0.16
10/11/2005 14:30,10/11/2005,0.27,9.75,0.165,0.156,0.156,0.14,0.126,0.022,0.003
10/12/2005 7:45,10/12/2005,0.08,0.25,0.64,0.4,0.32,0.16,0.08,0.003,0.001
10/12/2005 18:45,10/12/2005,1.91,30.75,0.64,0.64,0.64,0.48,0.283,0.158,0.076
10/14/2005 19:00,10/14/2005,3.97,10.25,0.912,0.912,0.912,0.901,0.832,0.355,0.32
10/15/2005 18:30,10/15/2005,0.61,8.25,0.173,0.173,0.173,0.167,0.155,0.05,0.008
10/16/2005 23:45,10/16/2005,0.02,0,0.24,0.12,0.08,0.04,0.02,0,0
10/17/2005 18:30,10/17/2005,0.99,10.25,0.56,0.38,0.32,0.26,0.2,0.08,0.021
10/18/2005 22:15,10/18/2005,0.7,5,0.313,0.313,0.313,0.3,0.285,0.058,0.017
10/19/2005 23:45,10/19/2005,0.2,4.75,0.286,0.227,0.207,0.123,0.065,0.015,0.002
10/20/2005 13:30,10/20/2005,7,22,2.416,2.416,2.416,2.269,1.426,0.665,1.51
10/21/2005 20:45,10/21/2005,18.67,11,13.213,13.213,13.213,10.898,9.208,3.149,34.317
10/22/2005 16:45,10/22/2005,3.46,3,3.933,3.933,3.933,3.147,1.984,0.395,1.242
10/23/2005 18:15,10/23/2005,8.93,10.75,3.739,3.739,3.739,3.315,2.712,0.928,3.075
10/24/2005 17:15,10/24/2005,28.75,31,8.37,8.37,8.37,7.831,4.866,3.673,28.764
10/26/2005 18:30,10/26/2005,4.1,11.5,1.12,1.12,1.12,1.067,1.027,0.38,0.405
10/27/2005 18:45,10/27/2005,0.72,10,0.213,0.2,0.2,0.163,0.152,0.059,0.01
10/28/2005 18:15,10/28/2005,3.22,10,0.513,0.513,0.513,0.497,0.482,0.279,0.138
10/29/2005 18:15,10/29/2005,0.52,6.5,0.161,0.14,0.14,0.12,0.115,0.042,0.005
10/30/2005 18:30,10/30/2005,0.51,5.75,0.16,0.127,0.127,0.12,0.12,0.042,0.005
11/2/2005 0:00,11/2/2005,0.02,0,0.24,0.12,0.08,0.04,0.02,0,0
11/5/2005 18:45,11/5/2005,0.65,5.5,0.24,0.2,0.2,0.197,0.172,0.053,0.01
11/6/2005 18:30,11/6/2005,2.84,1.5,4.988,4.988,4.988,3.178,2.273,0.337,1.07
11/7/2005 18:00,11/7/2005,0.34,2.75,0.264,0.192,0.187,0.173,0.147,0.028,0.005
11/8/2005 18:45,11/8/2005,2,8.75,2.24,2.013,1.938,1.589,1.043,0.183,0.291
11/9/2005 10:45,11/9/2005,0.02,0,0.24,0.12,0.08,0.04,0.02,0,0
11/10/2005 0:00,11/10/2005,0.04,0.25,0.36,0.2,0.147,0.08,0.04,0.001,0
11/10/2005 18:00,11/10/2005,0.06,1.25,0.256,0.136,0.096,0.057,0.05,0.003,0
11/11/2005 17:45,11/11/2005,0.56,7.75,0.192,0.132,0.12,0.117,0.115,0.046,0.005
11/13/2005 23:00,11/13/2005,0.18,2.25,0.24,0.18,0.16,0.127,0.115,0.014,0.002
11/14/2005 16:45,11/14/2005,1.11,10.5,2.368,2.368,2.368,1.258,0.703,0.109,0.138
11/16/2005 13:45,11/16/2005,19.45,8.5,11.342,11.342,11.342,8.914,7.63,3.008,26.812
11/21/2005 12:45,11/21/2005,27.6,22.5,5.695,5.695,5.695,5.062,3.94,3.28,16.605
11/22/2005 18:30,11/22/2005,0.02,0,0.24,0.12,0.08,0.04,0.02,0,0
11/23/2005 18:15,11/23/2005,1.31,7.5,0.673,0.673,0.673,0.613,0.488,0.113,0.069
11/24/2005 13:15,11/24/2005,0.24,1.75,0.525,0.32,0.32,0.293,0.169,0.017,0.005
11/27/2005 19:15,11/27/2005,0.53,1,1.573,1.573,1.573,0.943,0.53,0.052,0.049
11/28/2005 4:30,11/28/2005,0.22,0.75,1.152,0.72,0.576,0.368,0.22,0.013,0.005
11/28/2005 22:15,11/28/2005,0.25,0,3,1.5,1,0.5,0.25,0,0
11/29/2005 11:45,11/29/2005,16.01,11.5,11.575,11.575,11.575,10.154,7.145,2.681,27.222
11/30/2005 18:00,11/30/2005,0.03,0.25,0.2,0.14,0.12,0.06,0.03,0.002,0
12/1/2005 19:30,12/1/2005,0.3,1.5,0.527,0.527,0.527,0.38,0.275,0.025,0.009
12/2/2005 8:45,12/2/2005,0.22,3.5,0.207,0.147,0.147,0.12,0.088,0.017,0.002
12/3/2005 22:30,12/3/2005,6.66,7.25,2.965,2.965,2.965,2.548,1.922,0.683,1.741
12/5/2005 13:00,12/5/2005,5.2,15.25,1.587,1.587,1.587,1.551,1.403,0.487,0.756
12/9/2005 0:30,12/9/2005,20.89,6.75,22.209,22.209,22.209,17.244,9.95,3.502,60.392
12/11/2005 18:15,12/11/2005,0.06,0.5,0.26,0.2,0.18,0.114,0.06,0.004,0
12/15/2005 9:00,12/15/2005,38.85,17.5,13.319,13.319,13.319,10.467,8.915,5.749,60.176
12/19/2005 6:15,12/19/2005,0.06,0.5,0.373,0.213,0.16,0.11,0.06,0.002,0
12/25/2005 8:15,12/25/2005,20.38,8.5,16.249,16.249,16.249,15.738,9.812,3.663,57.652
12/26/2005 3:30,12/26/2005,0.88,2.25,1.391,1.391,1.391,0.902,0.731,0.082,0.074
12/26/2005 13:15,12/26/2005,0.33,0.5,1.532,1.174,1.054,0.663,0.33,0.025,0.017
12/28/2005 20:45,12/28/2005,6.99,23.25,3.729,3.729,3.729,3.345,2.815,0.741,2.48
12/31/2005 6:15,12/31/2005,0.11,1.5,0.26,0.14,0.127,0.1,0.078,0.007,0.001
12/31/2005 13:45,12/31/2005,0.03,0.25,0.28,0.16,0.12,0.06,0.03,0.001,0
1/2/2006 9:45,1/2/2006,19.94,16.5,10.833,10.833,10.833,9.758,6.098,2.686,26.21
1/11/2006 4:30,1/11/2006,0.08,0.5,0.423,0.271,0.22,0.156,0.08,0.004,0.001
1/11/2006 14:30,1/11/2006,6.34,3,5.529,5.529,5.529,4.599,3.959,0.802,3.687
1/12/2006 2:30,1/12/2006,1.08,0.75,4.16,4.16,4.16,2.14,1.08,0.148,0.316
1/14/2006 2:30,1/14/2006,9.6,2,10.343,10.343,10.343,8.292,7.091,1.589,13.178
1/14/2006 19:30,1/14/2006,0.2,0.5,1.275,0.859,0.72,0.402,0.2,0.012,0.005
1/17/2006 10:30,1/17/2006,0.28,4.75,1.16,0.61,0.427,0.228,0.127,0.015,0.003
1/18/2006 1:45,1/18/2006,26.15,8.75,14.881,14.881,14.881,12.761,8.707,4.208,53.703
1/22/2006 21:00,1/22/2006,22.19,8.75,10.166,10.166,10.166,8.172,6.668,3.337,27.274
1/23/2006 12:30,1/23/2006,0.58,0.5,2.883,2.018,1.73,1.153,0.58,0.042,0.048
1/24/2006 21:00,1/24/2006,1.07,1.5,1.941,1.941,1.941,1.388,0.894,0.104,0.145
1/25/2006 7:45,1/25/2006,0.16,6.5,0.693,0.523,0.466,0.247,0.137,0.011,0.003
1/29/2006 10:30,1/29/2006,2.25,1.75,4.222,3.626,3.427,2.975,1.752,0.242,0.721
1/31/2006 6:15,1/31/2006,2.97,3,4.752,4.752,4.752,3.876,2.371,0.365,1.413
2/2/2006 21:30,2/2/2006,14.63,9.5,8.192,8.192,8.192,8.184,5.364,1.987,16.264
2/4/2006 11:00,2/4/2006,30.98,10.5,27.049,27.049,27.049,19.304,13.99,5.862,113.165
2/11/2006 0:45,2/11/2006,23.83,41.25,4.731,4.731,4.731,4.551,3.869,2.741,12.471
2/17/2006 7:15,2/17/2006,0.42,0.5,2.319,1.44,1.146,0.833,0.42,0.024,0.02
2/27/2006 21:45,2/27/2006,0.02,0.25,0.2,0.125,0.1,0.04,0.02,0.001,0
2/28/2006 4:00,2/28/2006,0.03,0.25,0.32,0.18,0.133,0.06,0.03,0.001,0
3/2/2006 4:30,3/2/2006,2.61,11.25,2.543,2.543,2.543,1.938,1.49,0.256,0.497
3/9/2006 0:00,3/9/2006,0.41,3.75,0.527,0.527,0.527,0.443,0.302,0.035,0.015
3/11/2006 20:45,3/11/2006,0.39,5.75,0.173,0.12,0.12,0.113,0.108,0.031,0.004
3/13/2006 20:00,3/13/2006,1.46,10.75,1.619,1.619,1.619,1.191,0.614,0.133,0.159
3/17/2006 2:00,3/17/2006,1.09,7.5,0.673,0.673,0.673,0.59,0.532,0.094,0.055
3/21/2006 20:30,3/21/2006,0.25,3.5,0.193,0.193,0.193,0.143,0.109,0.02,0.003
3/25/2006 14:30,3/25/2006,0.06,0.75,0.16,0.1,0.08,0.08,0.06,0.004,0
3/26/2006 15:45,3/26/2006,0.13,2.75,0.2,0.14,0.12,0.1,0.07,0.01,0.001
3/27/2006 19:45,3/27/2006,1.05,12.25,0.22,0.213,0.213,0.2,0.197,0.086,0.017
3/28/2006 18:30,3/28/2006,0.82,11.25,0.459,0.42,0.42,0.397,0.298,0.069,0.027
3/29/2006 19:45,3/29/2006,0.23,4.25,0.26,0.18,0.153,0.107,0.067,0.018,0.002
3/30/2006 19:30,3/30/2006,1.39,7,0.293,0.293,0.293,0.267,0.258,0.117,0.031
4/1/2006 0:15,4/1/2006,2.79,12.5,3.663,3.663,3.663,2.961,1.678,0.287,0.85
4/2/2006 20:00,4/2/2006,0.95,16.5,0.253,0.253,0.253,0.227,0.212,0.078,0.018
4/3/2006 18:30,4/3/2006,21.53,3,42.438,41.421,41.082,28.953,17.295,4.838,140.091
4/7/2006 20:45,4/7/2006,20.05,17.75,3.527,3.527,3.527,3.334,2.654,2.234,7.448
4/10/2006 19:45,4/10/2006,1.28,6.75,0.307,0.307,0.307,0.307,0.293,0.108,0.033
4/11/2006 20:45,4/11/2006,0.45,5,0.167,0.133,0.133,0.127,0.117,0.036,0.005
4/13/2006 4:30,4/13/2006,0.25,1,1.331,0.855,0.696,0.387,0.247,0.014,0.006
4/13/2006 22:00,4/13/2006,0.41,16,0.27,0.265,0.265,0.237,0.153,0.032,0.008
4/14/2006 21:15,4/14/2006,0.32,1.75,2.012,1.35,1.129,0.582,0.312,0.019,0.011
4/15/2006 13:15,4/15/2006,0.03,0.5,0.16,0.1,0.08,0.06,0.03,0.002,0
4/19/2006 0:30,4/19/2006,0.15,2.75,0.2,0.14,0.12,0.08,0.064,0.012,0.001
4/20/2006 20:00,4/20/2006,2.2,7.5,0.62,0.62,0.62,0.611,0.573,0.193,0.118
4/21/2006 11:30,4/21/2006,65.07,35.75,48.379,48.379,48.379,36.572,25.21,13.098,479.028
4/23/2006 11:15,4/23/2006,2.62,0.75,11.379,7.903,6.744,4.119,2.62,0.263,1.081
4/23/2006 19:30,4/23/2006,2.12,1.75,4.929,3.811,3.439,1.847,1.29,0.203,0.376
4/25/2006 1:00,4/25/2006,0.02,0.25,0.176,0.11,0.088,0.04,0.02,0.001,0
4/25/2006 20:45,4/25/2006,2.77,4.5,1.997,1.997,1.997,1.509,0.994,0.261,0.393
4/26/2006 20:00,4/26/2006,0.5,3.25,0.799,0.608,0.608,0.365,0.243,0.04,0.015
4/30/2006 0:15,4/30/2006,0.02,0.25,0.16,0.1,0.08,0.04,0.02,0.001,0
4/30/2006 20:00,4/30/2006,0.02,0.25,0.16,0.1,0.08,0.04,0.02,0.001,0
5/1/2006 21:45,5/1/2006,0.06,1.75,0.16,0.1,0.08,0.05,0.04,0.004,0
5/2/2006 21:00,5/2/2006,0.07,3.5,0.124,0.08,0.08,0.06,0.048,0.005,0
5/3/2006 21:00,5/3/2006,0.02,0.25,0.16,0.1,0.08,0.04,0.02,0.001,0
5/4/2006 20:15,5/4/2006,1.52,6.75,0.747,0.747,0.747,0.493,0.415,0.131,0.064
5/5/2006 21:00,5/5/2006,0.81,6,0.507,0.507,0.507,0.317,0.25,0.067,0.021
5/7/2006 20:00,5/7/2006,1.22,6.75,0.597,0.597,0.597,0.559,0.42,0.105,0.059
5/8/2006 9:45,5/8/2006,0.77,4.75,2.195,1.252,0.938,0.501,0.337,0.053,0.026
5/9/2006 20:45,5/9/2006,0.7,4.25,0.353,0.353,0.353,0.34,0.323,0.058,0.02
5/10/2006 20:15,5/10/2006,1.41,7.25,0.666,0.427,0.367,0.36,0.348,0.117,0.042
5/11/2006 10:00,5/11/2006,44.6,13.25,66.591,66.591,66.591,49.043,29.169,10.436,511.804
5/12/2006 20:15,5/12/2006,3.73,9.75,2.087,2.087,2.087,1.899,1.301,0.355,0.674
5/13/2006 14:30,5/13/2006,1.82,14.25,0.639,0.502,0.484,0.468,0.453,0.155,0.073
5/14/2006 19:45,5/14/2006,2.83,10.75,2.951,2.951,2.951,2.07,1.248,0.28,0.58
5/15/2006 12:30,5/15/2006,17.73,12.5,33.065,29.948,28.908,18.731,9.502,4.003,74.977
5/16/2006 21:15,5/16/2006,0.08,3.25,0.16,0.1,0.08,0.06,0.044,0.006,0
5/17/2006 14:00,5/17/2006,0.44,12.75,1.421,1.194,1.118,0.564,0.287,0.037,0.021
5/18/2006 14:00,5/18/2006,0.51,8.25,1.528,0.951,0.759,0.431,0.267,0.036,0.015
5/19/2006 4:15,5/19/2006,1.2,7.75,1.958,1.958,1.958,1.743,1.037,0.122,0.213
5/20/2006 3:45,5/20/2006,0.03,0.25,0.2,0.14,0.12,0.06,0.03,0.002,0
5/21/2006 12:15,5/21/2006,0.02,0.25,0.16,0.1,0.08,0.04,0.02,0.001,0
5/23/2006 20:30,5/23/2006,0.04,0.5,0.2,0.14,0.12,0.08,0.04,0.002,0
5/24/2006 3:45,5/24/2006,0.02,0.25,0.16,0.1,0.08,0.04,0.02,0.001,0
5/24/2006 20:15,5/24/2006,0.48,7.75,0.333,0.333,0.333,0.333,0.28,0.04,0.013
5/25/2006 11:00,5/25/2006,0.26,12.75,0.24,0.24,0.24,0.125,0.068,0.02,0.003
5/26/2006 9:15,5/26/2006,1.02,5.25,2.026,2.026,2.026,1.261,0.673,0.099,0.125
5/26/2006 21:15,5/26/2006,0.06,0.25,0.516,0.294,0.22,0.12,0.06,0.001,0
5/28/2006 20:30,5/28/2006,0.34,3.5,0.28,0.18,0.167,0.157,0.137,0.027,0.004
5/30/2006 6:30,5/30/2006,0.02,0,0.24,0.12,0.08,0.04,0.02,0,0
5/30/2006 23:00,5/30/2006,0.01,0,0.12,0.06,0.04,0.02,0.01,0,0
5/31/2006 21:00,5/31/2006,0.05,1,0.173,0.113,0.093,0.062,0.053,0.004,0
6/1/2006 18:45,6/1/2006,3.41,1,14.303,12.056,11.307,6.389,3.409,0.536,3.423
6/2/2006 19:45,6/2/2006,17.86,13.5,12.48,12.48,12.48,8.758,5.231,2.861,25.059
6/5/2006 14:30,6/5/2006,0.02,0.25,0.16,0.1,0.08,0.04,0.02,0.001,0
6/8/2006 17:30,6/8/2006,2.12,12.5,2.452,2.066,1.938,1.45,0.899,0.198,0.287
6/9/2006 14:45,6/9/2006,0.22,1.25,1.608,0.889,0.649,0.352,0.203,0.008,0.003
6/12/2006 3:45,6/12/2006,5.11,5.5,2.907,2.907,2.907,2.837,2.502,0.547,1.552
6/14/2006 19:00,6/14/2006,1.1,0.75,3.596,3.028,2.839,2.129,1.1,0.112,0.239
6/19/2006 14:45,6/19/2006,13.23,16.25,27.334,26.433,26.133,17.26,10.866,2.759,47.619
6/22/2006 7:45,6/22/2006,0.11,1.5,0.224,0.154,0.154,0.112,0.065,0.008,0.001
6/22/2006 23:30,6/22/2006,5.17,3,6.306,6.306,6.306,4.327,2.801,0.663,2.869
6/24/2006 0:00,6/24/2006,0.07,0.5,0.624,0.336,0.24,0.144,0.07,0.002,0
6/24/2006 16:00,6/24/2006,6.04,4.75,7.265,7.265,7.265,6.421,4.467,0.832,5.344
6/25/2006 7:45,6/25/2006,118.89,38.5,57.417,57.417,57.417,50.015,37.246,26.328,1316.762
6/27/2006 6:00,6/27/2006,19.37,21.75,8.272,6.521,6.354,5.121,3.929,2.378,12.177
6/28/2006 22:30,6/28/2006,3.13,3.75,6.414,5.862,5.862,3.17,1.824,0.349,1.106
6/29/2006 16:00,6/29/2006,0.02,0,0.24,0.12,0.08,0.04,0.02,0,0
7/1/2006 0:45,7/1/2006,0.02,0.25,0.16,0.1,0.08,0.04,0.02,0.001,0
7/3/2006 3:45,7/3/2006,0.12,0,1.44,0.72,0.48,0.24,0.12,0,0
7/3/2006 19:30,7/3/2006,0.12,0.25,0.679,0.518,0.464,0.24,0.12,0.008,0.002
7/4/2006 21:30,7/4/2006,2.92,6.5,6.35,6.35,6.35,4.492,2.66,0.398,1.787
7/5/2006 11:15,7/5/2006,30.21,17.25,35.481,35.481,35.481,26.454,20.135,6.162,163.021
7/12/2006 8:15,7/12/2006,0.04,0,0.48,0.24,0.16,0.08,0.04,0,0
7/12/2006 18:30,7/12/2006,0.83,3.25,1.724,1.337,1.208,0.692,0.39,0.071,0.049
7/13/2006 5:30,7/13/2006,0.2,7.75,0.503,0.269,0.191,0.113,0.074,0.013,0.001
7/15/2006 9:15,7/15/2006,1.02,8.25,3.304,3.304,3.304,1.663,0.842,0.119,0.198
7/18/2006 19:30,7/18/2006,0.32,0.75,0.751,0.751,0.751,0.602,0.32,0.027,0.016
7/22/2006 16:00,7/22/2006,19.42,4,38.515,38.515,38.515,37.078,18.579,5.19,192.421
7/27/2006 16:45,7/27/2006,0.87,6.25,0.929,0.929,0.929,0.835,0.703,0.079,0.066
7/28/2006 13:00,7/28/2006,0.41,0.25,4.137,2.264,1.64,0.82,0.41,0.009,0.007
7/28/2006 21:15,7/28/2006,23.35,0.25,150.72,107.7,93.36,46.7,23.35,4.67,218.098
8/3/2006 1:45,8/3/2006,0.02,0.25,0.16,0.1,0.08,0.04,0.02,0.001,0
8/3/2006 22:45,8/3/2006,0.18,4.5,1.44,0.78,0.56,0.284,0.146,0.006,0.002
8/4/2006 16:15,8/4/2006,0.2,11.75,0.2,0.2,0.2,0.105,0.057,0.015,0.002
8/5/2006 23:30,8/5/2006,0.02,0,0.24,0.12,0.08,0.04,0.02,0,0
8/7/2006 4:00,8/7/2006,1.17,1,4.921,3.247,2.689,1.389,1.169,0.09,0.125
8/7/2006 17:15,8/7/2006,6.17,7.25,12.823,12.823,12.823,9.684,5.29,1.056,10.223
8/8/2006 16:15,8/8/2006,10.01,5,76.218,44.609,34.073,19.821,9.915,0.928,18.403
8/10/2006 9:30,8/10/2006,0.04,0.25,0.304,0.19,0.152,0.08,0.04,0.002,0
8/11/2006 4:00,8/11/2006,0.02,0.25,0.16,0.1,0.08,0.04,0.02,0.001,0
8/11/2006 20:15,8/11/2006,0.09,4.75,0.16,0.1,0.08,0.06,0.057,0.006,0
8/12/2006 17:30,8/12/2006,0.02,0.25,0.16,0.1,0.08,0.04,0.02,0.001,0
8/15/2006 20:45,8/15/2006,0.08,5,0.256,0.148,0.12,0.063,0.034,0.005,0
8/20/2006 14:45,8/20/2006,0.07,0.25,0.513,0.333,0.273,0.14,0.07,0.003,0
8/21/2006 20:00,8/21/2006,0.37,8.75,0.207,0.147,0.127,0.123,0.097,0.029,0.004
8/22/2006 20:00,8/22/2006,0.38,6.25,0.187,0.127,0.12,0.103,0.095,0.031,0.003
8/23/2006 20:00,8/23/2006,0.4,5.75,0.22,0.16,0.14,0.137,0.103,0.032,0.004
8/24/2006 19:45,8/24/2006,0.22,4.75,0.16,0.153,0.153,0.133,0.08,0.017,0.002
8/25/2006 20:00,8/25/2006,0.11,2.75,0.24,0.18,0.16,0.1,0.07,0.008,0.001
8/27/2006 2:15,8/27/2006,1.04,1.25,1.513,1.513,1.513,1.149,0.906,0.098,0.112
8/27/2006 15:00,8/27/2006,0.2,9.25,0.266,0.227,0.227,0.125,0.075,0.014,0.002
8/28/2006 20:00,8/28/2006,2.78,7.25,1.159,0.824,0.824,0.8,0.784,0.249,0.199
8/29/2006 13:30,8/29/2006,0.53,11,0.32,0.2,0.167,0.16,0.141,0.043,0.007
8/30/2006 20:15,8/30/2006,1.32,8.5,0.347,0.347,0.347,0.337,0.332,0.111,0.037
8/31/2006 12:15,8/31/2006,0.02,0,0.24,0.12,0.08,0.04,0.02,0,0
8/31/2006 19:30,8/31/2006,41.45,37.5,4.44,4.44,4.44,4.398,3.974,4.716,20.741
9/3/2006 5:15,9/3/2006,0.04,0.25,0.4,0.22,0.16,0.08,0.04,0.001,0
9/3/2006 20:00,9/3/2006,0.27,4.5,0.253,0.25,0.25,0.15,0.113,0.022,0.003
9/4/2006 16:15,9/4/2006,22.85,23,8.664,8.664,8.664,7.332,5.247,3.205,23.497
9/5/2006 21:15,9/5/2006,0.33,9.25,0.48,0.336,0.288,0.192,0.153,0.026,0.005
9/6/2006 19:30,9/6/2006,1.5,8.5,0.393,0.393,0.393,0.36,0.3,0.126,0.045
9/7/2006 19:30,9/7/2006,0.97,7,0.233,0.233,0.233,0.217,0.205,0.081,0.017
9/8/2006 21:30,9/8/2006,0.04,1,0.26,0.14,0.1,0.06,0.04,0.002,0
9/9/2006 19:30,9/9/2006,2.5,9.25,4.033,4.033,4.033,2.403,1.368,0.267,0.643
9/10/2006 15:15,9/10/2006,4.9,16.25,3.06,3.06,3.06,1.927,1.281,0.486,0.936
9/11/2006 21:45,9/11/2006,0.29,3.25,1.085,0.612,0.455,0.297,0.219,0.018,0.005
9/13/2006 4:30,9/13/2006,0.32,3.25,0.392,0.32,0.306,0.251,0.147,0.026,0.007
9/14/2006 1:00,9/14/2006,23.92,26,11.2,11.2,11.2,9.611,6.459,3.267,31.397
9/15/2006 13:00,9/15/2006,5.61,11,5.307,5.307,5.307,3.96,2.88,0.63,2.496
9/16/2006 12:00,9/16/2006,0.2,0.5,0.734,0.449,0.449,0.4,0.2,0.013,0.005
9/16/2006 19:45,9/16/2006,3.11,8.5,1.49,0.95,0.77,0.682,0.553,0.265,0.181
9/17/2006 14:00,9/17/2006,1.08,12,0.28,0.213,0.213,0.21,0.198,0.089,0.019
9/19/2006 12:15,9/19/2006,0.73,12.25,0.533,0.293,0.24,0.233,0.198,0.058,0.014
9/20/2006 19:30,9/20/2006,0.15,3,0.16,0.1,0.1,0.075,0.075,0.011,0.001
9/21/2006 19:15,9/21/2006,0.04,0.25,0.306,0.207,0.173,0.08,0.04,0.002,0
9/24/2006 2:15,9/24/2006,0.04,0,0.48,0.24,0.16,0.08,0.04,0,0
9/24/2006 13:45,9/24/2006,4,7.75,6.325,6.325,6.325,5.364,3.464,0.535,2.869
9/25/2006 21:30,9/25/2006,0.09,1.5,0.24,0.14,0.107,0.08,0.057,0.006,0
9/26/2006 18:15,9/26/2006,7.51,9.75,24.316,21.212,20.177,12.128,6.114,1.354,16.427
9/27/2006 20:15,9/27/2006,0.03,0.75,0.14,0.08,0.06,0.04,0.03,0.002,0
9/28/2006 16:30,9/28/2006,17.87,5.75,18.035,18.035,18.035,12.006,8.29,2.929,35.159
9/29/2006 19:00,9/29/2006,1.24,17.5,0.589,0.589,0.589,0.447,0.337,0.104,0.046
9/30/2006 22:30,9/30/2006,1.7,6,1.189,1.189,1.189,0.813,0.608,0.157,0.127
10/1/2006 18:45,10/1/2006,0.81,8.5,0.289,0.229,0.209,0.176,0.175,0.067,0.012
10/2/2006 18:45,10/2/2006,1.87,9.25,0.393,0.393,0.393,0.373,0.367,0.158,0.059
10/3/2006 22:00,10/3/2006,0.37,5,0.16,0.12,0.12,0.113,0.1,0.03,0.003
10/4/2006 23:30,10/4/2006,0.14,6.5,0.62,0.33,0.233,0.119,0.062,0.008,0.001
10/5/2006 18:30,10/5/2006,41.17,58,9.132,9.132,9.132,6.695,3.689,4.665,31.232
10/8/2006 18:45,10/8/2006,3.84,11,0.993,0.693,0.693,0.653,0.637,0.336,0.22
10/9/2006 19:00,10/9/2006,2.42,10.5,0.347,0.347,0.347,0.327,0.317,0.206,0.067
10/10/2006 15:00,10/10/2006,2.11,14,0.42,0.42,0.42,0.387,0.357,0.178,0.069
10/12/2006 2:00,10/12/2006,0.08,0,0.96,0.48,0.32,0.16,0.08,0,0
10/12/2006 16:15,10/12/2006,0.51,5.25,0.933,0.933,0.933,0.627,0.34,0.043,0.027
10/14/2006 19:30,10/14/2006,0.25,6.5,0.16,0.147,0.147,0.133,0.077,0.02,0.003
10/15/2006 19:15,10/15/2006,1.62,13,0.293,0.293,0.293,0.293,0.282,0.136,0.04
10/16/2006 22:15,10/16/2006,28.93,18.5,8.878,8.878,8.878,8.096,6.651,4.141,33.523
10/18/2006 18:45,10/18/2006,2.5,6.25,1.016,0.889,0.889,0.881,0.868,0.228,0.201
10/19/2006 19:45,10/19/2006,11.14,14.75,9.491,9.491,9.491,8.449,4.896,1.516,12.811
10/20/2006 18:45,10/20/2006,3.2,6.25,1.012,1.012,1.012,0.974,0.966,0.293,0.285
10/21/2006 18:00,10/21/2006,2.04,10.25,0.413,0.413,0.413,0.403,0.398,0.175,0.071
10/22/2006 18:30,10/22/2006,0.02,0.25,0.228,0.12,0.084,0.04,0.02,0,0
10/23/2006 20:30,10/23/2006,0.02,0.25,0.18,0.12,0.1,0.04,0.02,0.001,0
10/25/2006 18:15,10/25/2006,1.4,7.25,0.353,0.353,0.353,0.35,0.325,0.118,0.041
10/26/2006 18:00,10/26/2006,7.45,10.5,1.74,1.74,1.74,1.671,1.664,0.729,1.219
10/27/2006 12:45,10/27/2006,46.42,17.5,15.561,15.561,15.561,14.855,10.459,7.159,106.347
10/28/2006 17:30,10/28/2006,0.13,0,1.56,0.78,0.52,0.26,0.13,0,0
10/29/2006 18:00,10/29/2006,0.18,4.75,0.22,0.145,0.12,0.08,0.06,0.014,0.001
10/30/2006 18:30,10/30/2006,0.15,2.5,0.28,0.16,0.12,0.083,0.072,0.011,0.001
11/1/2006 3:15,11/1/2006,0.02,1.5,0.064,0.04,0.032,0.024,0.016,0.002,0
11/1/2006 18:15,11/1/2006,7.69,11,5.888,5.888,5.888,3.597,3.034,0.927,3.335
11/2/2006 18:15,11/2/2006,1.07,2.75,1.558,1.08,0.92,0.785,0.682,0.088,0.069
11/3/2006 20:00,11/3/2006,0.84,6.75,0.18,0.18,0.18,0.17,0.167,0.069,0.012
11/4/2006 18:30,11/4/2006,2.97,10,0.44,0.44,0.44,0.44,0.422,0.257,0.113
11/5/2006 19:30,11/5/2006,0.4,5.5,0.173,0.136,0.136,0.12,0.103,0.033,0.004
11/7/2006 15:30,11/7/2006,46.47,20.25,15.273,15.273,15.273,14.301,12.733,7.901,112.995
11/8/2006 23:30,11/8/2006,0.09,3,0.416,0.26,0.208,0.109,0.059,0.005,0.001
11/9/2006 19:30,11/9/2006,0.02,0.25,0.16,0.1,0.08,0.04,0.02,0.001,0
11/10/2006 18:00,11/10/2006,0.39,3.5,0.22,0.167,0.167,0.163,0.16,0.032,0.005
11/12/2006 4:30,11/12/2006,18.61,28.25,11.901,11.901,11.901,9.335,7.338,2.788,26.023
11/13/2006 21:00,11/13/2006,0.08,0.25,0.64,0.4,0.32,0.16,0.08,0.003,0.001
11/14/2006 21:15,11/14/2006,0.02,0,0.24,0.12,0.08,0.04,0.02,0,0
11/16/2006 8:15,11/16/2006,38.02,8.25,35.45,35.45,35.45,32.223,21.652,7.994,257.598
11/17/2006 20:15,11/17/2006,0.27,7,0.16,0.1,0.08,0.073,0.06,0.021,0.002
11/18/2006 21:45,11/18/2006,0.32,6.25,0.304,0.172,0.128,0.103,0.098,0.025,0.003
11/21/2006 18:30,11/21/2006,0.03,0.75,0.14,0.08,0.06,0.04,0.03,0.002,0
11/22/2006 12:00,11/22/2006,26.98,15,5.698,5.698,5.698,5.034,3.901,3.399,17.109
11/23/2006 13:00,11/23/2006,0.04,0.25,0.336,0.21,0.168,0.08,0.04,0.002,0
11/30/2006 14:30,11/30/2006,5.58,28.25,13.183,13.183,13.183,7.7,3.856,0.922,7.103
12/3/2006 13:15,12/3/2006,0.04,0.25,0.32,0.2,0.16,0.08,0.04,0.002,0
12/5/2006 12:00,12/5/2006,0.09,1.5,0.328,0.208,0.168,0.119,0.074,0.006,0.001
12/7/2006 20:30,12/7/2006,0.02,0.25,0.16,0.1,0.08,0.04,0.02,0.001,0
12/13/2006 6:45,12/13/2006,2.18,4.5,1.378,1.378,1.378,1.002,0.811,0.202,0.202
12/14/2006 1:15,12/14/2006,2.52,8.5,4.924,4.774,4.725,3.449,1.768,0.308,1.062
12/15/2006 6:15,12/15/2006,3.41,4,2.583,2.583,2.583,2.583,2.583,0.402,1.038
12/21/2006 9:00,12/21/2006,0.17,3.75,0.34,0.23,0.207,0.2,0.128,0.013,0.003
12/22/2006 6:15,12/22/2006,28.33,18,4.701,4.701,4.701,4.256,4.155,3.471,14.776
12/25/2006 11:30,12/25/2006,14.22,9.75,14.573,14.573,14.573,10.613,7.286,2.156,22.877
12/28/2006 23:30,12/28/2006,0.08,1.25,0.24,0.18,0.16,0.1,0.07,0.006,0.001
12/30/2006 23:00,12/30/2006,0.52,0.25,3.331,2.392,2.079,1.04,0.52,0.038,0.039
12/31/2006 16:30,12/31/2006,22.06,20.25,12.829,12.829,12.829,11.983,10.028,3.488,41.802
1/5/2007 5:45,1/5/2007,4.16,7.25,1.805,1.129,1.128,0.975,0.946,0.375,0.366
1/5/2007 22:30,1/5/2007,2.02,5,2.465,2.465,2.465,1.752,1.71,0.209,0.365
1/7/2007 17:00,1/7/2007,19.66,17,4.707,4.707,4.707,4.34,4.11,2.251,9.768
1/10/2007 2:15,1/10/2007,0.03,0.25,0.32,0.18,0.133,0.06,0.03,0.001,0
1/12/2007 14:00,1/12/2007,0.19,2.5,0.366,0.247,0.233,0.22,0.12,0.014,0.003
1/13/2007 5:45,1/13/2007,0.96,37.25,0.307,0.307,0.307,0.223,0.128,0.078,0.017
1/15/2007 19:30,1/15/2007,0.27,0.25,2.239,1.36,1.066,0.54,0.27,0.011,0.006
1/18/2007 20:15,1/18/2007,0.04,0.5,0.19,0.13,0.11,0.075,0.04,0.002,0
1/20/2007 5:00,1/20/2007,0.08,0.5,0.28,0.22,0.2,0.17,0.08,0.006,0.001
1/21/2007 14:15,1/21/2007,0.84,7.75,0.56,0.56,0.56,0.46,0.37,0.071,0.033
1/25/2007 12:30,1/25/2007,0.77,6.25,0.646,0.64,0.64,0.384,0.289,0.065,0.025
1/28/2007 6:00,1/28/2007,0.03,0.75,0.09,0.06,0.05,0.035,0.03,0.002,0
1/28/2007 13:15,1/28/2007,0.34,3,0.241,0.241,0.241,0.236,0.223,0.028,0.007
1/30/2007 16:30,1/30/2007,0.94,3.25,2.411,1.792,1.586,1.106,0.563,0.076,0.084
2/1/2007 6:00,2/1/2007,0.16,4.5,0.157,0.127,0.127,0.083,0.06,0.012,0.001
2/2/2007 2:00,2/2/2007,0.02,0,0.24,0.12,0.08,0.04,0.02,0,0
2/2/2007 14:00,2/2/2007,1.77,4.25,2.22,2.22,2.22,1.78,1.058,0.174,0.31
2/6/2007 22:00,2/6/2007,0.61,5.5,0.473,0.323,0.287,0.259,0.185,0.049,0.013
2/12/2007 16:45,2/12/2007,0.84,3,0.726,0.566,0.513,0.453,0.422,0.07,0.032
2/13/2007 2:45,2/13/2007,11.84,32.5,1.875,1.875,1.875,1.701,1.29,1.113,1.893
2/14/2007 17:45,2/14/2007,0.02,1.75,0.111,0.077,0.066,0.035,0.019,0.002,0
2/17/2007 16:30,2/17/2007,0.22,2.75,0.64,0.4,0.32,0.32,0.174,0.015,0.005
2/18/2007 11:30,2/18/2007,0.36,5.25,1.439,1.039,0.906,0.573,0.294,0.025,0.015
2/20/2007 22:00,2/20/2007,2.42,1.5,4.433,4.433,4.433,3.172,2.091,0.289,0.917
2/22/2007 12:30,2/22/2007,0.13,0.5,0.733,0.443,0.347,0.251,0.13,0.006,0.002
2/25/2007 9:15,2/25/2007,8.46,12.5,3.019,3.019,3.019,2.937,2.365,0.881,2.588
3/1/2007 18:00,3/1/2007,22.72,12.5,11.894,11.894,11.894,8.917,5.812,3.117,27.798
3/7/2007 2:15,3/7/2007,1.93,13.5,0.848,0.848,0.848,0.843,0.648,0.165,0.139
3/10/2007 19:15,3/10/2007,4.68,5.5,3.833,3.833,3.833,3.359,2.555,0.527,1.771
3/14/2007 14:45,3/14/2007,0.07,0.25,0.643,0.358,0.263,0.14,0.07,0.002,0
3/15/2007 0:00,3/15/2007,0.06,0.25,0.632,0.344,0.248,0.12,0.06,0.001,0
3/15/2007 11:45,3/15/2007,46.69,33,11.341,11.341,11.341,7.921,5.747,5.618,44.503
3/19/2007 16:00,3/19/2007,0.6,11.25,0.44,0.44,0.44,0.408,0.336,0.05,0.021
3/22/2007 18:45,3/22/2007,0.9,4.75,1.962,1.177,0.916,0.546,0.387,0.067,0.036
3/23/2007 19:30,3/23/2007,9.58,18,16.803,10.797,8.795,5.84,3.265,0.938,5.476
3/25/2007 19:30,3/25/2007,1.69,7.25,0.347,0.347,0.347,0.343,0.33,0.143,0.049
3/27/2007 17:30,3/27/2007,0.09,0.25,0.449,0.396,0.378,0.18,0.09,0.007,0.001
3/28/2007 11:45,3/28/2007,0.14,0,1.68,0.84,0.56,0.28,0.14,0,0
3/30/2007 20:00,3/30/2007,0.42,8,0.35,0.24,0.24,0.163,0.137,0.033,0.005
4/1/2007 1:00,4/1/2007,0.01,0,0.12,0.06,0.04,0.02,0.01,0,0
4/1/2007 15:30,4/1/2007,1.74,10,3.515,3.515,3.515,1.989,1.226,0.19,0.378
4/3/2007 20:00,4/3/2007,5.04,12.75,4.699,4.699,4.699,3.095,2.405,0.556,1.72
4/5/2007 20:30,4/5/2007,0.16,6,0.247,0.127,0.087,0.067,0.063,0.012,0.001
4/7/2007 1:45,4/7/2007,1.08,2.5,1.359,0.88,0.72,0.613,0.472,0.088,0.054
4/7/2007 10:45,4/7/2007,0.74,13.75,1.013,0.533,0.4,0.36,0.287,0.056,0.02
4/8/2007 11:00,4/8/2007,0.17,5,0.168,0.108,0.093,0.091,0.073,0.013,0.001
4/11/2007 12:45,4/11/2007,13.23,16.75,5.727,5.727,5.727,5.373,3.835,1.628,8.746
4/12/2007 15:15,4/12/2007,1.59,1.5,4.952,4.175,3.916,2.438,1.266,0.168,0.409
4/14/2007 16:00,4/14/2007,60.21,34.75,9.949,9.949,9.949,8.637,8.101,8.694,75.088
4/16/2007 9:00,4/16/2007,2.2,14.5,0.632,0.632,0.632,0.58,0.48,0.19,0.11
4/19/2007 11:15,4/19/2007,0.03,0.75,0.147,0.087,0.067,0.047,0.03,0.002,0
4/19/2007 19:45,4/19/2007,0.73,4.5,0.747,0.747,0.747,0.573,0.445,0.063,0.036
4/20/2007 20:30,4/20/2007,0.34,8.25,0.24,0.18,0.16,0.093,0.077,0.027,0.003
4/21/2007 20:30,4/21/2007,0.61,8,0.3,0.247,0.247,0.233,0.177,0.049,0.012
4/22/2007 15:45,4/22/2007,1.34,9.5,0.773,0.773,0.773,0.613,0.44,0.113,0.07
4/23/2007 20:45,4/23/2007,0.58,2.75,1.146,0.667,0.507,0.4,0.367,0.043,0.017
4/24/2007 22:45,4/24/2007,0.16,3.5,0.16,0.1,0.08,0.08,0.064,0.013,0.001
4/25/2007 13:30,4/25/2007,0.66,12.75,0.472,0.472,0.472,0.346,0.223,0.055,0.019
4/26/2007 11:15,4/26/2007,0.08,2.5,0.24,0.18,0.16,0.085,0.047,0.006,0
4/26/2007 22:00,4/26/2007,4.18,10.25,2.893,2.893,2.893,2.491,1.7,0.428,1.067
4/27/2007 21:00,4/27/2007,1.27,3.75,1.911,1.911,1.911,1.614,0.899,0.117,0.189
4/28/2007 14:45,4/28/2007,0.54,6.5,0.253,0.253,0.253,0.197,0.186,0.044,0.009
4/30/2007 6:45,4/30/2007,0.02,0.25,0.16,0.1,0.08,0.04,0.02,0.001,0
5/1/2007 4:30,5/1/2007,0.2,0.5,1.139,0.85,0.753,0.397,0.2,0.013,0.005
5/1/2007 20:00,5/1/2007,2.34,9,1.093,1.093,1.093,0.933,0.837,0.215,0.201
5/2/2007 23:15,5/2/2007,0.02,0,0.24,0.12,0.08,0.04,0.02,0,0
5/3/2007 21:30,5/3/2007,0.09,1.75,0.2,0.16,0.16,0.14,0.075,0.007,0.001
5/4/2007 21:00,5/4/2007,0.26,5,0.226,0.167,0.16,0.15,0.115,0.021,0.003
5/8/2007 20:45,5/8/2007,0.85,5.25,0.36,0.27,0.247,0.243,0.227,0.07,0.017
5/9/2007 21:30,5/9/2007,0.39,8.25,0.316,0.208,0.172,0.156,0.15,0.03,0.005
5/10/2007 20:00,5/10/2007,1.48,8.25,2.285,2.285,2.285,1.731,1.082,0.149,0.258
5/11/2007 20:15,5/11/2007,0.35,7.5,0.288,0.288,0.288,0.254,0.171,0.029,0.007
5/12/2007 18:30,5/12/2007,3.18,8.25,5.232,5.232,5.232,2.83,1.479,0.375,1.062
5/14/2007 20:15,5/14/2007,1.72,7.25,1.303,0.812,0.648,0.62,0.608,0.146,0.09
5/15/2007 20:30,5/15/2007,0.24,3,0.373,0.233,0.2,0.193,0.125,0.018,0.003
5/16/2007 15:00,5/16/2007,8.58,3.5,22.926,22.926,22.926,14.049,8.457,1.875,26.344
5/17/2007 22:15,5/17/2007,0.04,0.25,0.333,0.193,0.147,0.08,0.04,0.001,0
5/19/2007 15:30,5/19/2007,0.4,6.25,0.338,0.338,0.338,0.241,0.161,0.033,0.008
5/20/2007 6:00,5/20/2007,1.1,1.25,2.476,2.476,2.476,1.847,1.032,0.119,0.219
5/21/2007 20:30,5/21/2007,0.71,6.75,0.406,0.287,0.247,0.233,0.198,0.058,0.013
5/22/2007 22:45,5/22/2007,0.11,3.75,0.4,0.25,0.2,0.103,0.055,0.007,0.001
5/23/2007 18:45,5/23/2007,0.15,7.75,0.28,0.16,0.12,0.064,0.037,0.01,0.001
5/24/2007 20:30,5/24/2007,0.02,1.5,0.13,0.07,0.05,0.03,0.02,0.001,0
5/26/2007 20:45,5/26/2007,0.07,4,0.126,0.072,0.066,0.055,0.046,0.005,0
5/27/2007 18:15,5/27/2007,1.2,2.75,3.923,3.826,3.794,2.015,1.186,0.148,0.299
5/28/2007 3:30,5/28/2007,0.02,0.25,0.176,0.11,0.088,0.04,0.02,0.001,0
5/28/2007 18:45,5/28/2007,0.1,6.5,0.293,0.161,0.117,0.073,0.055,0.006,0
5/29/2007 20:30,5/29/2007,0.09,1.75,0.233,0.143,0.113,0.077,0.058,0.006,0
5/30/2007 21:00,5/30/2007,0.04,0.75,0.16,0.1,0.08,0.06,0.04,0.002,0
6/2/2007 0:00,6/2/2007,0.21,1.5,0.368,0.296,0.272,0.217,0.189,0.017,0.004
6/3/2007 7:30,6/3/2007,16.51,23,11.633,11.633,11.633,8.381,5.836,2.207,18.5
6/4/2007 16:00,6/4/2007,2.37,5.5,2.969,2.969,2.969,2.088,1.834,0.258,0.538
6/5/2007 21:15,6/5/2007,0.7,6.25,0.845,0.845,0.845,0.673,0.356,0.058,0.039
6/6/2007 23:45,6/6/2007,0.04,2.5,0.148,0.094,0.076,0.04,0.023,0.002,0
6/7/2007 20:30,6/7/2007,0.14,2.25,0.16,0.12,0.12,0.11,0.095,0.011,0.001
6/8/2007 21:00,6/8/2007,0.14,1.75,0.383,0.321,0.3,0.231,0.13,0.011,0.003
6/9/2007 21:00,6/9/2007,0.05,1.75,0.24,0.16,0.133,0.073,0.043,0.003,0
6/10/2007 12:00,6/10/2007,0.7,12.25,0.64,0.4,0.32,0.3,0.28,0.056,0.017
6/11/2007 20:45,6/11/2007,0.09,2.5,0.371,0.219,0.169,0.089,0.049,0.006,0
6/12/2007 15:15,6/12/2007,0.75,9,0.962,0.748,0.676,0.508,0.316,0.061,0.031
6/13/2007 13:30,6/13/2007,3.9,5.25,5.203,5.203,5.203,3.957,3.182,0.488,1.932
6/18/2007 21:00,6/18/2007,0.1,3.25,0.208,0.148,0.128,0.111,0.07,0.007,0.001
6/19/2007 16:45,6/19/2007,0.48,15.5,1.8,0.94,0.653,0.332,0.171,0.028,0.009
6/21/2007 6:15,6/21/2007,0.19,0.25,1.838,1.02,0.748,0.38,0.19,0.004,0.002
6/21/2007 16:15,6/21/2007,3.94,3.25,10.992,10.992,10.992,6.48,3.581,0.678,4.395
6/23/2007 20:00,6/23/2007,0.02,0.25,0.16,0.1,0.08,0.04,0.02,0.001,0
6/25/2007 0:15,6/25/2007,7.34,5,19.983,19.983,19.983,13.097,7.089,1.567,20.525
6/26/2007 12:30,6/26/2007,1.51,1.5,3.389,3.389,3.389,2.487,1.424,0.175,0.435
6/28/2007 13:15,6/28/2007,0.03,0.25,0.187,0.139,0.123,0.06,0.03,0.002,0
6/28/2007 20:30,6/28/2007,10.3,17.25,5.521,5.521,5.521,5.492,4.118,1.309,7.189
6/30/2007 22:15,6/30/2007,0.01,0,0.12,0.06,0.04,0.02,0.01,0,0
7/3/2007 21:00,7/3/2007,3.78,2.5,6.109,6.109,6.109,5.989,3.491,0.552,3.307
7/4/2007 13:15,7/4/2007,24.65,11.75,30.148,30.148,30.148,22.876,15.948,5.784,132.31
7/5/2007 13:45,7/5/2007,0.31,13.25,0.555,0.385,0.329,0.188,0.114,0.023,0.004
7/10/2007 13:15,7/10/2007,0.59,0.5,5.447,3.052,2.254,1.184,0.59,0.018,0.021
7/11/2007 20:45,7/11/2007,0.58,0.5,2.021,1.947,1.923,1.169,0.58,0.061,0.071
7/13/2007 22:30,7/13/2007,7.76,2,12.219,12.219,12.219,10.349,6.812,1.403,14.516
7/15/2007 19:30,7/15/2007,0.43,0.25,2.928,2.014,1.709,0.86,0.43,0.027,0.023
7/16/2007 20:30,7/16/2007,0.03,0.25,0.272,0.17,0.136,0.06,0.03,0.001,0
7/17/2007 2:45,7/17/2007,0.04,0.5,0.28,0.16,0.12,0.08,0.04,0.002,0
7/18/2007 1:15,7/18/2007,0.03,1,0.112,0.07,0.056,0.04,0.033,0.002,0
7/19/2007 14:45,7/19/2007,0.2,6,0.778,0.708,0.685,0.344,0.174,0.017,0.006
7/20/2007 20:45,7/20/2007,0.05,1.25,0.16,0.1,0.08,0.06,0.04,0.003,0
7/24/2007 12:30,7/24/2007,0.15,7.25,0.561,0.336,0.26,0.152,0.084,0.009,0.001
7/25/2007 3:30,7/25/2007,0.31,1.75,0.37,0.37,0.37,0.338,0.212,0.025,0.009
7/25/2007 13:15,7/25/2007,0.04,0.25,0.281,0.193,0.164,0.08,0.04,0.002,0
7/27/2007 16:30,7/27/2007,0.23,4.25,1.481,0.816,0.594,0.363,0.19,0.01,0.004
7/28/2007 23:30,7/28/2007,2.59,12.75,1.659,1.659,1.659,1.624,1.269,0.246,0.4
7/29/2007 18:30,7/29/2007,0.14,0.5,1.136,0.628,0.459,0.289,0.14,0.005,0.001
7/30/2007 15:30,7/30/2007,0.1,0,1.2,0.6,0.4,0.2,0.1,0,0
7/30/2007 22:00,7/30/2007,0.1,10.5,0.358,0.192,0.137,0.082,0.054,0.006,0
7/31/2007 20:45,7/31/2007,0.06,2.5,0.14,0.08,0.06,0.04,0.03,0.004,0
8/3/2007 23:45,8/3/2007,0.61,4.75,1.173,1.173,1.173,0.668,0.415,0.055,0.037
8/4/2007 21:15,8/4/2007,0.15,6.5,0.16,0.1,0.08,0.06,0.043,0.011,0.001
8/5/2007 18:00,8/5/2007,6.51,11,8.603,8.603,8.603,7.661,5.033,0.96,7.351
8/6/2007 21:00,8/6/2007,0.08,1.5,0.192,0.126,0.104,0.074,0.065,0.006,0
8/8/2007 6:45,8/8/2007,0.08,8.75,0.056,0.038,0.038,0.037,0.027,0.006,0
8/9/2007 0:45,8/9/2007,8.41,24.25,10.309,10.309,10.309,8.058,6.13,1.271,10.238
8/10/2007 21:00,8/10/2007,0.14,1.5,0.656,0.41,0.328,0.174,0.097,0.008,0.001
8/11/2007 5:15,8/11/2007,0.09,1.5,0.233,0.173,0.153,0.12,0.083,0.007,0.001
8/11/2007 13:00,8/11/2007,0.02,0.25,0.16,0.1,0.08,0.04,0.02,0.001,0
8/11/2007 20:15,8/11/2007,0.35,6.5,0.16,0.1,0.093,0.087,0.08,0.028,0.002
8/12/2007 23:30,8/12/2007,0.57,1,1.569,1.569,1.569,0.925,0.574,0.055,0.051
8/13/2007 13:00,8/13/2007,0.03,0.25,0.308,0.17,0.124,0.06,0.03,0.001,0
8/13/2007 20:00,8/13/2007,0.14,2.25,0.118,0.108,0.108,0.088,0.078,0.011,0.001
8/14/2007 21:00,8/14/2007,0.02,2.25,0.124,0.064,0.044,0.024,0.014,0.001,0
8/16/2007 8:30,8/16/2007,3.01,3.25,4.356,4.356,4.356,3.281,2.597,0.35,1.149
8/18/2007 0:30,8/18/2007,0.04,5.5,0.16,0.1,0.08,0.041,0.021,0.002,0
8/18/2007 14:15,8/18/2007,4.76,36.25,2.2,2.2,2.2,2.099,1.556,0.468,0.982
8/20/2007 17:00,8/20/2007,35.02,15.5,18.332,18.332,18.332,14.159,11.728,6.39,90.478
8/21/2007 22:00,8/21/2007,1.56,4.75,4.229,4.229,4.229,2.549,1.38,0.191,0.488
8/22/2007 13:30,8/22/2007,0.04,0,0.48,0.24,0.16,0.08,0.04,0,0
8/22/2007 20:15,8/22/2007,1.35,6.5,1.386,0.906,0.746,0.573,0.467,0.11,0.063
8/23/2007 20:15,8/23/2007,0.25,5,0.15,0.133,0.133,0.123,0.09,0.02,0.002
8/24/2007 12:45,8/24/2007,0.02,0,0.24,0.12,0.08,0.04,0.02,0,0
8/24/2007 19:45,8/24/2007,0.2,11.25,0.187,0.127,0.107,0.088,0.085,0.016,0.001
8/25/2007 14:30,8/25/2007,4.27,59.5,3.044,3.044,3.044,1.599,0.982,0.395,0.631
8/28/2007 20:15,8/28/2007,0.08,4,0.16,0.1,0.08,0.06,0.042,0.006,0
8/30/2007 15:45,8/30/2007,0.84,12,0.244,0.16,0.16,0.157,0.148,0.068,0.011
8/31/2007 14:15,8/31/2007,1.74,17.75,0.36,0.36,0.36,0.333,0.303,0.145,0.048
9/1/2007 15:15,9/1/2007,1.18,14,0.247,0.247,0.247,0.243,0.22,0.098,0.024
9/2/2007 20:00,9/2/2007,0.02,0.25,0.16,0.1,0.08,0.04,0.02,0.001,0
9/3/2007 20:15,9/3/2007,2.93,9.25,4.513,4.513,4.513,3.445,2.403,0.355,1.224
9/4/2007 14:15,9/4/2007,1.16,15.25,0.227,0.227,0.227,0.217,0.21,0.097,0.021
9/5/2007 19:45,9/5/2007,0.49,6,0.226,0.167,0.147,0.13,0.114,0.04,0.005
9/8/2007 22:45,9/8/2007,0.04,1.25,0.16,0.1,0.08,0.047,0.03,0.002,0
9/9/2007 20:00,9/9/2007,0.64,11.5,0.34,0.22,0.18,0.177,0.168,0.052,0.009
9/10/2007 19:30,9/10/2007,6.21,19,2.049,2.049,2.049,1.549,1.202,0.588,0.91
9/11/2007 20:45,9/11/2007,0.11,1.75,0.219,0.146,0.122,0.113,0.076,0.008,0.001
9/12/2007 19:15,9/12/2007,3.62,11.5,0.948,0.948,0.948,0.92,0.899,0.333,0.306
9/13/2007 14:45,9/13/2007,0.19,8,0.28,0.16,0.147,0.121,0.104,0.014,0.002
9/14/2007 13:45,9/14/2007,3.46,15.75,1.529,1.529,1.529,1.261,1.002,0.311,0.392
9/15/2007 19:15,9/15/2007,1.39,10.75,0.538,0.37,0.338,0.32,0.296,0.116,0.037
9/16/2007 19:15,9/16/2007,0.65,10.25,0.24,0.21,0.21,0.155,0.118,0.053,0.008
9/17/2007 15:45,9/17/2007,0.33,9,0.36,0.27,0.24,0.123,0.104,0.026,0.003
9/18/2007 19:30,9/18/2007,0.27,4.25,0.263,0.173,0.173,0.153,0.117,0.021,0.003
9/19/2007 19:45,9/19/2007,0.32,6,0.16,0.12,0.12,0.11,0.087,0.025,0.003
9/20/2007 20:15,9/20/2007,0.47,9,0.16,0.14,0.14,0.11,0.087,0.038,0.004
9/21/2007 19:15,9/21/2007,0.39,8,0.168,0.168,0.168,0.164,0.142,0.032,0.005
9/22/2007 19:30,9/22/2007,7.35,35,0.82,0.82,0.82,0.793,0.77,0.655,0.52
9/24/2007 19:15,9/24/2007,0.57,6.75,0.39,0.259,0.215,0.174,0.152,0.045,0.008
9/27/2007 20:00,9/27/2007,5.69,13.25,20.732,12.026,9.124,4.665,2.394,0.478,2.228
9/28/2007 18:45,9/28/2007,1.48,10,0.373,0.373,0.373,0.323,0.264,0.124,0.04
9/29/2007 14:15,9/29/2007,4.31,16,0.713,0.713,0.713,0.683,0.627,0.386,0.264
9/30/2007 19:15,9/30/2007,0.59,5,0.586,0.367,0.293,0.247,0.193,0.046,0.011
10/1/2007 21:45,10/1/2007,0.04,0.25,0.24,0.18,0.16,0.08,0.04,0.002,0
10/2/2007 21:15,10/2/2007,0.04,1.25,0.16,0.1,0.08,0.047,0.03,0.002,0
10/3/2007 19:30,10/3/2007,0.66,7.5,0.22,0.147,0.147,0.133,0.123,0.053,0.007
10/4/2007 18:30,10/4/2007,1.79,11,0.293,0.293,0.293,0.26,0.23,0.15,0.039
10/5/2007 18:45,10/5/2007,1.34,9.75,0.366,0.247,0.207,0.197,0.178,0.111,0.022
10/6/2007 18:45,10/6/2007,1.73,9,0.413,0.373,0.373,0.367,0.348,0.146,0.053
10/7/2007 14:00,10/7/2007,7.47,15.25,1.767,1.767,1.767,1.71,1.51,0.717,1.226
10/8/2007 18:45,10/8/2007,0.75,12,0.36,0.228,0.207,0.19,0.172,0.06,0.011
10/9/2007 19:00,10/9/2007,1.61,9,2.903,2.903,2.903,2.35,1.26,0.167,0.393
10/10/2007 19:00,10/10/2007,7.72,5.5,11.923,11.923,11.923,10.792,7.058,1.369,14.778
10/11/2007 9:45,10/11/2007,0.01,0,0.12,0.06,0.04,0.02,0.01,0,0
10/11/2007 22:00,10/11/2007,3.84,3.5,4.001,3.166,2.888,2.886,1.914,0.403,1.163
10/12/2007 18:45,10/12/2007,2.47,7.5,0.687,0.687,0.687,0.683,0.642,0.219,0.149
10/13/2007 19:00,10/13/2007,0.06,3.25,0.244,0.124,0.084,0.044,0.033,0.003,0
10/14/2007 18:30,10/14/2007,5.14,11.25,0.787,0.787,0.787,0.767,0.717,0.46,0.353
10/15/2007 18:15,10/15/2007,1.41,8.75,0.3,0.3,0.3,0.293,0.27,0.118,0.035
10/16/2007 19:00,10/16/2007,0.46,3.75,0.432,0.276,0.224,0.189,0.168,0.036,0.007
10/17/2007 20:30,10/17/2007,0.04,1.25,0.16,0.1,0.08,0.047,0.03,0.002,0
10/18/2007 16:00,10/18/2007,0.1,0.25,1.06,0.55,0.38,0.2,0.1,0.001,0
10/19/2007 6:45,10/19/2007,3.18,15,3.902,3.902,3.902,2.098,1.566,0.347,0.729
10/20/2007 18:00,10/20/2007,1.17,14.75,0.187,0.187,0.187,0.177,0.165,0.097,0.017
10/21/2007 18:30,10/21/2007,0.24,5.5,0.2,0.14,0.12,0.085,0.073,0.019,0.002
10/23/2007 8:45,10/23/2007,0.25,2,0.863,0.461,0.327,0.193,0.132,0.015,0.003
10/23/2007 22:00,10/23/2007,32.91,44.25,8.324,8.324,8.324,7.245,6.367,4.376,31.703
10/26/2007 6:45,10/26/2007,90.44,26.25,20.102,20.102,20.102,15.437,14.16,15.723,242.718
10/27/2007 18:00,10/27/2007,2.09,11.5,0.473,0.473,0.473,0.439,0.413,0.179,0.079
10/28/2007 17:00,10/28/2007,6.12,13,1.227,1.227,1.227,1.207,1.192,0.568,0.685
10/29/2007 21:15,10/29/2007,0.18,3.25,0.32,0.2,0.16,0.11,0.075,0.013,0.001
10/30/2007 7:00,10/30/2007,0.06,0.5,0.413,0.233,0.173,0.127,0.06,0.003,0
10/30/2007 19:45,10/30/2007,0.59,6,0.28,0.16,0.133,0.127,0.123,0.047,0.006
11/1/2007 18:00,11/1/2007,2.26,12.25,0.38,0.347,0.347,0.33,0.32,0.19,0.063
11/2/2007 18:15,11/2/2007,0.84,5.25,0.4,0.347,0.347,0.347,0.323,0.069,0.024
11/3/2007 18:00,11/3/2007,0.36,7.75,0.24,0.18,0.16,0.103,0.086,0.029,0.003
11/5/2007 21:30,11/5/2007,2.35,9.5,2.181,2.181,2.181,1.63,1.206,0.227,0.369
11/7/2007 18:15,11/7/2007,0.37,10,0.16,0.104,0.104,0.092,0.076,0.029,0.003
11/8/2007 18:30,11/8/2007,3.68,27.5,1.805,1.805,1.805,1.675,1.43,0.344,0.575
11/10/2007 22:15,11/10/2007,0.91,5.25,0.984,0.679,0.607,0.545,0.507,0.075,0.041
11/11/2007 19:30,11/11/2007,4.01,13,3.619,3.619,3.619,2.414,2.031,0.438,1.057
11/13/2007 7:30,11/13/2007,2.53,2.25,3.643,2.833,2.563,1.752,1.661,0.245,0.429
11/13/2007 17:15,11/13/2007,1.48,9.25,0.48,0.48,0.48,0.427,0.353,0.125,0.053
11/14/2007 16:30,11/14/2007,0.08,0,0.96,0.48,0.32,0.16,0.08,0,0
11/15/2007 2:30,11/15/2007,17.84,16,8.337,8.337,8.337,7.147,4.951,2.353,16.818
11/18/2007 11:15,11/18/2007,0.02,0,0.24,0.12,0.08,0.04,0.02,0,0
11/18/2007 19:45,11/18/2007,2.98,5.25,4.055,4.055,4.055,3.139,2.448,0.344,1.081
11/22/2007 14:30,11/22/2007,0.13,0.5,0.441,0.297,0.285,0.267,0.13,0.009,0.002
11/22/2007 23:15,11/22/2007,0.06,3.25,0.298,0.154,0.106,0.058,0.034,0.003,0
11/23/2007 17:45,11/23/2007,0.17,4.25,0.32,0.2,0.16,0.097,0.067,0.012,0.001
11/26/2007 0:45,11/26/2007,4.27,23.5,4.806,4.806,4.806,3.397,2.143,0.466,1.584
12/1/2007 18:30,12/1/2007,0.22,6.5,0.245,0.195,0.195,0.185,0.12,0.016,0.003
12/2/2007 8:30,12/2/2007,18.45,16.25,9.699,9.699,9.699,8.327,7.348,2.547,21.212
12/3/2007 14:30,12/3/2007,0.82,14.5,0.195,0.195,0.195,0.158,0.145,0.067,0.011
12/5/2007 6:45,12/5/2007,8.72,14.75,2.963,2.963,2.963,2.629,1.714,0.862,2.267
12/7/2007 7:45,12/7/2007,1.39,6.75,1.321,1.321,1.321,0.896,0.703,0.128,0.115
12/8/2007 0:15,12/8/2007,6.25,7.5,2.72,2.72,2.72,2.464,1.936,0.646,1.593
12/8/2007 23:30,12/8/2007,0.49,11,0.308,0.308,0.308,0.253,0.197,0.04,0.01
12/9/2007 20:30,12/9/2007,7.61,9.75,5.617,5.617,5.617,5.372,3.322,0.957,5.142
12/10/2007 16:15,12/10/2007,0.66,6.5,0.537,0.537,0.537,0.436,0.285,0.056,0.024
12/13/2007 4:45,12/13/2007,2.17,12,1.881,1.881,1.881,1.545,0.922,0.201,0.311
12/15/2007 21:00,12/15/2007,30.04,15,10.274,10.274,10.274,10.06,8.764,4.546,45.734
12/17/2007 12:45,12/17/2007,0.06,0.5,0.36,0.2,0.147,0.113,0.06,0.002,0
12/19/2007 13:00,12/19/2007,0.03,0.25,0.193,0.133,0.113,0.06,0.03,0.002,0
12/23/2007 14:30,12/23/2007,20.03,3.75,28.373,28.373,28.373,23.792,11.962,4.408,104.887
12/26/2007 8:15,12/26/2007,7.98,10.75,7.049,7.049,7.049,6.619,5.627,1.109,7.341
12/27/2007 4:15,12/27/2007,0.02,0,0.24,0.12,0.08,0.04,0.02,0,0
12/28/2007 18:15,12/28/2007,17.14,9.75,10.219,10.219,10.219,7.547,5.519,2.409,18.182
12/30/2007 13:15,12/30/2007,8.75,11.5,4.679,4.679,4.679,4.196,3.48,0.994,4.172
1/5/2008 18:15,1/5/2008,4.2,12.75,2.175,2.175,2.175,1.684,1.511,0.414,0.697
1/9/2008 6:00,1/9/2008,2.89,3.25,5.465,5.465,5.465,3.985,2.668,0.384,1.529
1/10/2008 14:00,1/10/2008,2.17,8,2.151,2.151,2.151,1.624,1,0.216,0.351
1/11/2008 11:00,1/11/2008,4.2,2,8.554,5.343,5.343,4.298,3.705,0.462,1.987
1/13/2008 17:15,1/13/2008,1.35,2.25,1.645,1.645,1.645,1.459,1.178,0.132,0.193
1/14/2008 8:00,1/14/2008,0.64,10.5,0.529,0.371,0.319,0.266,0.252,0.052,0.014
1/15/2008 12:15,1/15/2008,0.19,1.75,0.407,0.407,0.407,0.229,0.14,0.015,0.003
1/17/2008 9:45,1/17/2008,9.51,13,3.859,3.859,3.859,3.687,2.956,1.05,3.872
1/19/2008 21:15,1/19/2008,0.01,0,0.12,0.06,0.04,0.02,0.01,0,0
1/22/2008 12:15,1/22/2008,0.83,4.75,1.066,0.983,0.955,0.903,0.518,0.073,0.066
1/27/2008 0:45,1/27/2008,0.02,0,0.24,0.12,0.08,0.04,0.02,0,0
1/29/2008 8:30,1/29/2008,4.83,20,2.72,1.818,1.517,1.319,0.942,0.432,0.569
2/1/2008 4:00,2/1/2008,50.13,12.75,19.413,19.413,19.413,16.287,14.012,9.014,146.82
2/4/2008 6:15,2/4/2008,0.51,6.5,0.965,0.965,0.965,0.645,0.364,0.045,0.029
2/6/2008 11:45,2/6/2008,0.39,3.75,0.695,0.695,0.695,0.642,0.338,0.034,0.022
2/6/2008 22:45,2/6/2008,0.22,0.5,0.725,0.725,0.725,0.441,0.22,0.019,0.008
2/9/2008 8:00,2/9/2008,0.21,2.5,0.207,0.207,0.207,0.188,0.157,0.017,0.003
2/9/2008 19:30,2/9/2008,0.04,0.25,0.347,0.217,0.173,0.08,0.04,0.002,0
2/10/2008 6:45,2/10/2008,0.48,0.25,3.091,2.212,1.919,0.96,0.48,0.034,0.033
2/11/2008 23:00,2/11/2008,0.52,2.25,0.62,0.62,0.62,0.523,0.389,0.044,0.023
2/12/2008 10:45,2/12/2008,1.19,8.25,0.976,0.976,0.976,0.76,0.588,0.108,0.082
2/17/2008 19:45,2/17/2008,0.93,9.75,0.746,0.724,0.724,0.569,0.441,0.079,0.045
2/18/2008 14:00,2/18/2008,1.92,3.25,2.031,2.031,2.031,1.498,1.149,0.189,0.284
2/19/2008 10:30,2/19/2008,0.02,0,0.24,0.12,0.08,0.04,0.02,0,0
2/20/2008 11:15,2/20/2008,4.55,6.5,1.855,1.855,1.855,1.742,1.635,0.46,0.802
2/21/2008 22:45,2/21/2008,5.02,20.75,1.581,1.581,1.581,1.235,0.923,0.464,0.573
2/23/2008 8:15,2/23/2008,0.96,0.5,4.209,3.291,2.985,1.919,0.96,0.09,0.172
2/24/2008 23:30,2/24/2008,0.2,0.25,1.439,0.96,0.8,0.4,0.2,0.011,0.004
2/26/2008 3:45,2/26/2008,4.13,13.75,1.507,1.507,1.507,1.197,1.063,0.395,0.473
2/29/2008 20:00,2/29/2008,0.88,9.5,0.601,0.601,0.601,0.394,0.372,0.074,0.029
3/4/2008 0:00,3/4/2008,0.02,0.25,0.144,0.09,0.072,0.04,0.02,0.001,0
3/4/2008 17:00,3/4/2008,18.55,14.25,10.364,10.364,10.364,9.69,5.671,2.769,26.828
3/6/2008 20:15,3/6/2008,0.46,7.25,0.16,0.158,0.158,0.137,0.124,0.037,0.005
3/7/2008 12:30,3/7/2008,12.44,8.75,5.654,5.654,5.654,5.189,4.536,1.58,8.197
3/8/2008 4:00,3/8/2008,3.37,13.75,2.567,2.567,2.567,1.771,1.029,0.334,0.592
3/10/2008 20:15,3/10/2008,2.14,4,1.763,1.763,1.763,1.39,1.108,0.198,0.276
3/11/2008 20:30,3/11/2008,0.16,2.75,0.64,0.4,0.32,0.169,0.093,0.01,0.002
3/13/2008 19:45,3/13/2008,0.35,8.5,0.64,0.4,0.32,0.32,0.17,0.025,0.008
3/14/2008 18:15,3/14/2008,0.37,8,0.353,0.293,0.273,0.197,0.14,0.03,0.006
3/15/2008 20:15,3/15/2008,5.65,12.75,2.862,2.862,2.862,2.789,1.723,0.592,1.651
3/17/2008 23:30,3/17/2008,0.18,4.75,0.28,0.16,0.128,0.087,0.074,0.013,0.001
3/18/2008 15:15,3/18/2008,1.89,13,0.69,0.69,0.69,0.685,0.565,0.165,0.113
3/19/2008 11:45,3/19/2008,21.23,13.75,10.986,7.62,6.763,4.646,4.372,2.733,12.698
3/21/2008 21:00,3/21/2008,0.64,8,0.207,0.207,0.207,0.193,0.168,0.053,0.01
3/22/2008 12:15,3/22/2008,0.1,4,0.267,0.147,0.12,0.08,0.044,0.007,0.001
3/23/2008 20:45,3/23/2008,0.2,6.25,0.32,0.2,0.16,0.084,0.046,0.014,0.001
3/24/2008 14:15,3/24/2008,0.1,1.75,0.413,0.233,0.173,0.107,0.085,0.006,0.001
3/25/2008 19:30,3/25/2008,0.76,2.25,0.832,0.72,0.72,0.573,0.407,0.061,0.035
3/27/2008 5:15,3/27/2008,0.34,8.5,0.203,0.203,0.203,0.196,0.159,0.028,0.006
3/27/2008 21:15,3/27/2008,0.05,2.75,0.034,0.025,0.025,0.022,0.02,0.004,0
3/30/2008 22:45,3/30/2008,0.46,0.75,1.572,1.333,1.254,0.876,0.46,0.04,0.035
3/31/2008 13:00,3/31/2008,0.98,11,1.96,1,0.68,0.36,0.2,0.068,0.025
4/1/2008 6:00,4/1/2008,0.7,4.5,1.523,1.045,0.885,0.655,0.393,0.056,0.037
4/1/2008 19:45,4/1/2008,0.34,1.75,0.624,0.426,0.36,0.303,0.248,0.026,0.008
4/3/2008 14:45,4/3/2008,17.43,11.25,7.218,7.218,7.218,5.596,4.134,2.097,11.733
4/4/2008 8:45,4/4/2008,0.11,0,1.32,0.66,0.44,0.22,0.11,0,0
4/4/2008 15:00,4/4/2008,1.14,1,2.719,2.275,2.127,1.484,1.138,0.108,0.16
4/4/2008 22:15,4/4/2008,1.34,2,1.777,1.297,1.237,1.237,1.095,0.121,0.15
4/5/2008 20:15,4/5/2008,5.64,15.5,2.729,2.729,2.729,2.355,1.914,0.567,1.335
4/7/2008 3:00,4/7/2008,0.08,0.25,0.64,0.4,0.32,0.16,0.08,0.003,0.001
4/8/2008 20:00,4/8/2008,0.17,3.5,0.3,0.18,0.14,0.1,0.068,0.012,0.001
4/9/2008 18:00,4/9/2008,2.01,9,0.453,0.453,0.453,0.453,0.45,0.173,0.078
4/10/2008 19:45,4/10/2008,2.3,9.25,0.527,0.527,0.527,0.487,0.458,0.196,0.096
4/11/2008 19:45,4/11/2008,4.72,6.5,6.342,6.342,6.342,6.078,4.206,0.677,4.116
4/12/2008 9:00,4/12/2008,0.09,0.25,0.936,0.51,0.368,0.18,0.09,0.002,0
4/12/2008 18:30,4/12/2008,0.33,0.25,1.533,1.362,1.305,0.66,0.33,0.03,0.02
4/13/2008 18:30,4/13/2008,0.97,5.25,0.633,0.633,0.633,0.511,0.392,0.082,0.042
4/16/2008 20:15,4/16/2008,0.31,5.75,0.16,0.14,0.14,0.123,0.103,0.025,0.003
4/17/2008 23:30,4/17/2008,0.06,1.75,0.16,0.1,0.08,0.047,0.033,0.004,0
4/18/2008 20:45,4/18/2008,1.27,7.5,0.347,0.347,0.347,0.327,0.295,0.107,0.035
4/19/2008 20:15,4/19/2008,1.25,6.75,0.828,0.828,0.828,0.446,0.264,0.106,0.047
4/20/2008 15:45,4/20/2008,11.65,2.75,12.051,12.051,12.051,11.527,7.261,2.085,24.032
4/21/2008 4:30,4/21/2008,13.84,3,10.128,10.128,10.128,8.531,6.795,2.322,19.807
4/21/2008 13:30,4/21/2008,0.77,5.25,2.596,2.055,1.875,0.99,0.498,0.066,0.065
4/22/2008 22:15,4/22/2008,0.16,0.75,0.64,0.4,0.32,0.24,0.16,0.01,0.002
4/24/2008 20:15,4/24/2008,1.28,7.75,0.32,0.32,0.32,0.297,0.263,0.107,0.032
4/25/2008 20:30,4/25/2008,1.72,7.25,0.593,0.593,0.593,0.56,0.493,0.148,0.083
4/26/2008 20:15,4/26/2008,11.77,7.5,7.111,7.111,7.111,6.066,5.371,1.517,9.205
4/27/2008 23:15,4/27/2008,29.7,17,14.613,14.613,14.613,11.941,9.007,4.603,54.96
4/29/2008 1:45,4/29/2008,0.68,0.5,2.65,2.352,2.252,1.366,0.68,0.069,0.094
4/30/2008 20:45,4/30/2008,1.01,16.25,0.48,0.32,0.32,0.303,0.292,0.083,0.025
5/1/2008 19:45,5/1/2008,0.83,6,0.46,0.46,0.46,0.453,0.422,0.071,0.032
5/2/2008 20:00,5/2/2008,1.46,7.25,0.44,0.44,0.44,0.417,0.413,0.126,0.052
5/3/2008 19:15,5/3/2008,0.4,6.5,0.26,0.26,0.26,0.21,0.157,0.033,0.007
5/4/2008 23:30,5/4/2008,0.2,3.5,0.28,0.16,0.12,0.12,0.075,0.015,0.002
5/5/2008 20:30,5/5/2008,0.24,1.5,0.306,0.24,0.24,0.22,0.188,0.019,0.004
5/6/2008 20:45,5/6/2008,0.44,2.75,0.325,0.3,0.3,0.287,0.242,0.035,0.01
5/7/2008 20:15,5/7/2008,1.88,9,0.886,0.656,0.58,0.47,0.433,0.159,0.075
5/8/2008 11:15,5/8/2008,31.89,26.5,11.185,11.185,11.185,8.08,7.45,4.643,37.515
5/10/2008 4:00,5/10/2008,5.9,7,2.866,2.866,2.866,2.165,1.981,0.613,1.328
5/10/2008 22:45,5/10/2008,0.06,0.5,0.332,0.242,0.212,0.12,0.06,0.004,0
5/11/2008 15:15,5/11/2008,71.59,29,11.279,11.279,11.279,8.534,7.966,10.355,88.366
5/13/2008 20:30,5/13/2008,2.47,5,1.839,1.147,1.147,1.08,0.947,0.219,0.236
5/14/2008 20:30,5/14/2008,0.8,5.5,0.66,0.42,0.34,0.27,0.218,0.064,0.017
5/15/2008 20:15,5/15/2008,16,12.25,11.075,11.075,11.075,9.163,5.361,2.189,20.056
5/16/2008 14:30,5/16/2008,0.23,0,2.76,1.38,0.92,0.46,0.23,0,0
5/17/2008 20:45,5/17/2008,0.72,2.75,0.615,0.615,0.615,0.545,0.458,0.062,0.034
5/18/2008 8:30,5/18/2008,3.14,13.25,5.783,5.783,5.783,3.11,1.643,0.378,1.176
5/20/2008 0:15,5/20/2008,14.52,13,7.734,7.734,7.734,7.457,6.75,2.117,15.789
5/21/2008 12:30,5/21/2008,0.49,7.75,0.411,0.411,0.411,0.283,0.247,0.039,0.011
5/23/2008 20:15,5/23/2008,0.36,5.5,0.286,0.227,0.207,0.197,0.16,0.029,0.006
5/24/2008 18:45,5/24/2008,1.18,7.5,0.447,0.447,0.447,0.427,0.377,0.101,0.043
5/25/2008 18:30,5/25/2008,1.05,8.75,0.413,0.413,0.413,0.397,0.383,0.087,0.035
5/27/2008 20:45,5/27/2008,2.5,9.5,3.933,3.527,3.392,2.57,1.546,0.267,0.686
5/29/2008 2:15,5/29/2008,0.33,1.25,1.279,0.92,0.8,0.58,0.32,0.024,0.014
5/29/2008 18:30,5/29/2008,0.17,3.5,0.24,0.18,0.16,0.1,0.075,0.013,0.001
5/30/2008 13:45,5/30/2008,0.14,8.25,0.242,0.122,0.1,0.08,0.075,0.01,0.001
5/31/2008 10:30,5/31/2008,8.74,5,7.341,7.341,7.341,5.999,4.789,1.228,7.366
6/1/2008 0:00,6/1/2008,0.03,0,0.36,0.18,0.12,0.06,0.03,0,0
6/1/2008 15:30,6/1/2008,0.02,0.25,0.171,0.115,0.097,0.04,0.02,0.001,0
6/3/2008 19:15,6/3/2008,12.14,8.75,21.985,21.985,21.985,15.209,10.241,2.37,36.042
6/4/2008 14:30,6/4/2008,18.19,6.75,21.676,21.556,21.516,21.482,11.475,3.828,82.237
6/5/2008 21:00,6/5/2008,0.16,0.5,0.64,0.4,0.32,0.32,0.16,0.01,0.003
6/6/2008 23:45,6/6/2008,0.13,0.25,1.076,0.656,0.516,0.26,0.13,0.005,0.001
6/7/2008 7:30,6/7/2008,0.01,0.25,0.096,0.06,0.048,0.02,0.01,0,0
6/7/2008 19:30,6/7/2008,8.35,12.75,6.26,6.26,6.26,5.09,3.632,1.021,5.198
6/8/2008 20:45,6/8/2008,0.03,0.25,0.28,0.16,0.12,0.06,0.03,0.001,0
6/10/2008 1:45,6/10/2008,6.93,20.75,10.622,10.622,10.622,10.015,6.1,1.184,11.856
6/11/2008 22:30,6/11/2008,0.07,1,0.32,0.2,0.16,0.1,0.07,0.004,0
6/14/2008 16:00,6/14/2008,6.89,4.75,22.575,22.317,22.23,12.392,6.619,1.542,19.112
6/16/2008 3:30,6/16/2008,0.63,2,0.712,0.712,0.712,0.685,0.55,0.056,0.038
6/16/2008 14:45,6/16/2008,6.86,9.25,4.055,4.055,4.055,3.678,2.81,0.832,3.062
6/18/2008 17:45,6/18/2008,0.05,0.25,0.254,0.201,0.183,0.1,0.05,0.003,0
6/20/2008 2:00,6/20/2008,0.5,4,0.62,0.56,0.56,0.32,0.23,0.039,0.013
6/23/2008 18:15,6/23/2008,0.45,3.5,1.637,1.201,1.056,0.576,0.293,0.034,0.02
6/26/2008 3:45,6/26/2008,0.02,0.25,0.16,0.1,0.08,0.04,0.02,0.001,0
6/27/2008 16:15,6/27/2008,10.55,0.75,26.143,26.143,26.143,20.904,10.55,2.497,52.195
6/27/2008 23:00,6/27/2008,0.09,1,0.412,0.226,0.164,0.113,0.091,0.005,0.001
6/28/2008 6:45,6/28/2008,0.16,1.5,0.784,0.412,0.288,0.164,0.102,0.008,0.001
6/28/2008 20:00,6/28/2008,9.52,0.5,36.127,35.027,34.66,19.04,9.52,2.454,46.731
6/29/2008 3:45,6/29/2008,0.35,0.75,1.394,0.724,0.578,0.539,0.35,0.021,0.011
6/29/2008 14:30,6/29/2008,9.25,0.5,19.69,19.055,18.844,18.495,9.25,2.209,40.853
6/30/2008 12:30,6/30/2008,1.38,9,2.993,2.993,2.993,1.808,0.922,0.146,0.265
7/1/2008 16:30,7/1/2008,0.13,0.5,0.6,0.432,0.377,0.269,0.13,0.009,0.002
7/4/2008 3:00,7/4/2008,1.04,4,0.935,0.935,0.935,0.897,0.649,0.093,0.083
7/4/2008 16:15,7/4/2008,0.54,4.5,1.523,0.943,0.75,0.638,0.371,0.038,0.024
7/5/2008 8:15,7/5/2008,0.58,3,1.243,1.049,0.984,0.874,0.552,0.05,0.044
7/5/2008 21:30,7/5/2008,0.03,0,0.36,0.18,0.12,0.06,0.03,0,0
7/6/2008 13:00,7/6/2008,0.62,12.75,0.493,0.493,0.493,0.444,0.239,0.05,0.022
7/9/2008 6:45,7/9/2008,18.16,18.25,34.337,34.337,34.337,32.235,17.014,4.613,148.706
7/10/2008 20:45,7/10/2008,0.05,0.75,0.187,0.127,0.107,0.081,0.05,0.004,0
7/11/2008 22:00,7/11/2008,0.06,1.75,0.248,0.128,0.088,0.05,0.029,0.003,0
7/13/2008 16:45,7/13/2008,30.08,13.5,40.369,40.369,40.369,29.45,15.774,5.964,175.641
7/14/2008 21:15,7/14/2008,0.24,4,0.176,0.15,0.15,0.14,0.102,0.019,0.003
7/18/2008 4:30,7/18/2008,0.26,2.5,0.2,0.2,0.2,0.16,0.129,0.021,0.003
7/19/2008 2:45,7/19/2008,10.26,0.25,89.092,53.046,41.031,20.52,10.26,1.005,20.617
7/20/2008 20:00,7/20/2008,1.07,4.75,1.138,1.138,1.138,0.809,0.644,0.096,0.077
7/22/2008 10:15,7/22/2008,0.1,0,1.2,0.6,0.4,0.2,0.1,0,0
7/22/2008 22:15,7/22/2008,0.57,2.75,0.909,0.909,0.909,0.584,0.304,0.051,0.03
7/23/2008 13:00,7/23/2008,48.02,12.25,87.472,87.472,87.472,54.78,30.793,11.672,639.37
7/27/2008 11:15,7/27/2008,7.09,4.25,10.059,10.059,10.059,6.737,5.075,1.086,7.313
7/28/2008 23:45,7/28/2008,0.39,5,0.4,0.4,0.4,0.297,0.205,0.032,0.01
7/30/2008 18:45,7/30/2008,0.19,3.75,0.409,0.253,0.201,0.134,0.094,0.014,0.002
8/2/2008 3:00,8/2/2008,17.18,5.5,50.119,30.181,30.181,20.619,13.392,3.016,62.188
8/2/2008 15:45,8/2/2008,4.51,8.5,1.793,1.793,1.793,1.773,1.764,0.486,0.862
8/4/2008 22:45,8/4/2008,0.3,0.5,0.801,0.697,0.662,0.601,0.3,0.026,0.015
8/7/2008 9:30,8/7/2008,0.03,0.25,0.147,0.117,0.107,0.06,0.03,0.002,0
8/7/2008 15:45,8/7/2008,4.26,3.5,8.011,8.011,8.011,4.325,3.318,0.613,2.653
8/14/2008 15:15,8/14/2008,0.28,2.5,0.847,0.623,0.548,0.277,0.141,0.021,0.006
8/15/2008 14:00,8/15/2008,0.12,0.75,0.468,0.384,0.356,0.227,0.12,0.009,0.002
8/19/2008 16:30,8/19/2008,0.01,0,0.12,0.06,0.04,0.02,0.01,0,0
8/25/2008 10:00,8/25/2008,0.06,3.5,0.355,0.19,0.135,0.08,0.048,0.003,0
8/25/2008 20:15,8/25/2008,0.16,2.25,0.223,0.165,0.146,0.115,0.091,0.013,0.001
8/27/2008 18:00,8/27/2008,4.42,25,5.984,5.984,5.984,4.237,2.696,0.518,2.196
8/29/2008 3:45,8/29/2008,22.26,12.25,33.205,33.205,33.205,25.05,13.473,4.628,115.924
8/30/2008 18:30,8/30/2008,3.39,14.5,10.009,8.146,7.525,3.769,1.89,0.385,1.452
8/31/2008 19:30,8/31/2008,0.78,2.5,0.506,0.424,0.424,0.358,0.34,0.065,0.023
9/1/2008 6:15,9/1/2008,0.04,0.5,0.16,0.1,0.08,0.08,0.04,0.002,0
9/5/2008 19:00,9/5/2008,38.15,20.5,15.653,15.653,15.653,15.18,11.086,6.442,97.798
9/7/2008 19:30,9/7/2008,0.45,2.5,0.46,0.31,0.26,0.227,0.218,0.036,0.008
9/9/2008 9:00,9/9/2008,1.85,4.5,3.555,3.555,3.555,2.013,1.287,0.205,0.412
9/9/2008 20:15,9/9/2008,1.88,2.25,4.394,4.394,4.394,2.7,1.518,0.226,0.611
9/10/2008 19:30,9/10/2008,0.35,4.5,0.216,0.2,0.2,0.147,0.141,0.028,0.004
9/12/2008 12:15,9/12/2008,36.08,9.5,37.227,37.227,37.227,28.268,19.288,7.161,202.423
9/13/2008 19:30,9/13/2008,1.69,3,1.786,1.186,0.986,0.8,0.733,0.144,0.115
9/15/2008 19:30,9/15/2008,2.06,10.25,1.467,1.467,1.467,1.027,0.892,0.186,0.191
9/25/2008 14:15,9/25/2008,8.34,7.75,7.423,7.423,7.423,6.32,4.674,1.079,6.821
9/26/2008 4:15,9/26/2008,0.38,1,0.902,0.746,0.694,0.408,0.382,0.032,0.013
9/26/2008 20:00,9/26/2008,107.65,25,70.037,70.037,70.037,51.053,37.064,25.833,1318.837
9/28/2008 6:00,9/28/2008,0.36,5.25,0.342,0.342,0.342,0.32,0.229,0.03,0.01
9/28/2008 19:15,9/28/2008,0.3,3,0.264,0.17,0.157,0.135,0.122,0.024,0.003
9/30/2008 2:45,9/30/2008,0.04,0,0.48,0.24,0.16,0.08,0.04,0,0
9/30/2008 18:15,9/30/2008,6.05,2.25,17.272,17.272,17.272,9.913,5.286,1.133,11.234
10/1/2008 13:15,10/1/2008,0.99,8.5,0.524,0.524,0.524,0.456,0.286,0.084,0.038
10/3/2008 23:45,10/3/2008,0.24,2.5,0.36,0.313,0.313,0.18,0.148,0.018,0.003
10/5/2008 19:00,10/5/2008,0.07,0.5,0.39,0.25,0.203,0.148,0.07,0.004,0.001
10/8/2008 19:15,10/8/2008,0.4,3.75,0.322,0.273,0.273,0.217,0.171,0.032,0.007
10/10/2008 2:45,10/10/2008,0.03,0.25,0.2,0.14,0.12,0.06,0.03,0.002,0
10/10/2008 20:00,10/10/2008,1.49,5.25,0.56,0.42,0.42,0.403,0.36,0.125,0.051
10/11/2008 20:00,10/11/2008,0.04,0.25,0.4,0.22,0.16,0.08,0.04,0.001,0
10/12/2008 2:30,10/12/2008,0.04,0.25,0.22,0.16,0.14,0.08,0.04,0.002,0
10/14/2008 2:30,10/14/2008,0.31,0.5,1.172,0.933,0.853,0.613,0.31,0.024,0.015
10/16/2008 11:00,10/16/2008,0.83,4.5,1.039,0.68,0.613,0.533,0.48,0.068,0.036
10/21/2008 6:15,10/21/2008,0.26,1.5,0.579,0.52,0.5,0.37,0.22,0.021,0.008
10/24/2008 23:00,10/24/2008,31.83,19.5,34.066,34.066,34.066,33.431,21.37,6.691,223.674
10/27/2008 12:00,10/27/2008,11.93,21.25,2.411,2.411,2.411,2.267,2.059,1.171,2.655
10/29/2008 15:30,10/29/2008,0.16,0.25,1.139,0.765,0.64,0.32,0.16,0.009,0.003
10/30/2008 20:00,10/30/2008,0.43,2.25,0.32,0.267,0.267,0.265,0.253,0.035,0.009
11/4/2008 14:15,11/4/2008,2.11,6.5,1.057,1.054,1.054,0.882,0.859,0.187,0.165
11/5/2008 5:15,11/5/2008,0.03,0.5,0.194,0.109,0.081,0.066,0.03,0.002,0
11/5/2008 15:30,11/5/2008,1.34,9.75,1.245,1.245,1.245,0.714,0.431,0.119,0.085
11/6/2008 8:30,11/6/2008,0.08,0.25,0.64,0.4,0.32,0.16,0.08,0.003,0.001
11/8/2008 5:15,11/8/2008,0.25,1,0.395,0.395,0.395,0.272,0.245,0.02,0.006
11/12/2008 17:30,11/12/2008,0.22,1.75,0.362,0.253,0.235,0.214,0.2,0.017,0.004
11/13/2008 7:00,11/13/2008,15.91,7,5.541,5.541,5.541,5.352,4.904,2.165,11.586
11/15/2008 1:15,11/15/2008,15.37,21,16.632,16.632,16.632,9.266,8.12,2.796,25.902
11/17/2008 16:45,11/17/2008,0.88,5.5,1.061,1.061,1.061,0.974,0.541,0.079,0.077
11/24/2008 15:15,11/24/2008,4.47,13.75,2.048,2.048,2.048,1.996,1.63,0.438,0.875
11/25/2008 14:15,11/25/2008,0.59,0.5,2.517,2.278,2.199,1.179,0.59,0.061,0.072
11/30/2008 2:15,11/30/2008,18.55,22,6.973,6.973,6.973,4.567,3.587,2.181,9.961
12/1/2008 15:45,12/1/2008,1.36,0.5,7.783,4.945,3.999,2.719,1.36,0.097,0.264
12/4/2008 17:15,12/4/2008,1.27,5.25,1.343,1.343,1.343,1.037,0.749,0.115,0.119
12/6/2008 15:30,12/6/2008,1.14,2.75,1.066,0.907,0.907,0.733,0.613,0.097,0.071
12/10/2008 7:30,12/10/2008,10.77,9,11.733,11.733,11.733,8.647,5.198,1.59,13.747
12/11/2008 2:45,12/11/2008,50.65,27.75,13.359,13.359,13.359,11.717,9.949,7.497,87.846
12/15/2008 19:00,12/15/2008,17.75,33.5,7.173,7.173,7.173,4.767,3.845,2.112,10.068
12/19/2008 5:00,12/19/2008,13.83,11.25,9.781,9.781,9.781,7.43,6.003,1.84,13.669
12/21/2008 3:00,12/21/2008,1.52,4.75,1.211,1.211,1.211,1.08,0.9,0.14,0.152
12/24/2008 21:00,12/24/2008,0.08,0,0.96,0.48,0.32,0.16,0.08,0,0
12/26/2008 20:30,12/26/2008,3.37,5.5,2.689,2.689,2.689,2.121,1.396,0.331,0.702
12/28/2008 11:30,12/28/2008,0.02,0.25,0.16,0.1,0.08,0.04,0.02,0.001,0
1/2/2009 11:30,1/2/2009,0.1,1,0.248,0.188,0.168,0.129,0.099,0.007,0.001
1/5/2009 1:00,1/5/2009,0.03,0,0.36,0.18,0.12,0.06,0.03,0,0
1/5/2009 23:45,1/5/2009,33.51,44.5,10.641,10.641,10.641,7.732,6.184,4.357,33.686
1/10/2009 5:30,1/10/2009,0.01,0,0.12,0.06,0.04,0.02,0.01,0,0
1/10/2009 15:00,1/10/2009,3.05,11.25,1.16,1.16,1.16,1.11,0.892,0.28,0.311
1/18/2009 1:00,1/18/2009,0.14,2.5,0.255,0.207,0.207,0.123,0.084,0.01,0.001
1/18/2009 12:30,1/18/2009,0.13,1.25,0.424,0.256,0.2,0.183,0.122,0.008,0.002
1/19/2009 13:00,1/19/2009,0.34,0.5,0.779,0.753,0.753,0.687,0.34,0.03,0.02
1/26/2009 7:30,1/26/2009,0.28,1.75,0.28,0.22,0.22,0.21,0.188,0.023,0.005
1/27/2009 4:00,1/27/2009,0.88,7,0.449,0.332,0.293,0.255,0.241,0.072,0.018
1/27/2009 17:00,1/27/2009,7.23,13.75,1.612,1.612,1.612,1.507,1.198,0.676,1.019
1/28/2009 14:30,1/28/2009,3.53,3,6.471,6.471,6.471,4.012,2.318,0.438,1.755
2/3/2009 0:00,2/3/2009,1.63,6,1.253,0.816,0.816,0.722,0.512,0.137,0.099
2/10/2009 18:15,2/10/2009,0.03,0.25,0.28,0.16,0.12,0.06,0.03,0.001,0
2/11/2009 1:30,2/11/2009,0.04,0.25,0.38,0.214,0.159,0.08,0.04,0.001,0
2/11/2009 22:15,2/11/2009,2.69,1,8.422,8.356,8.335,5.213,2.689,0.444,2.317
2/14/2009 13:45,2/14/2009,0.61,6.5,0.323,0.323,0.323,0.236,0.175,0.051,0.012
2/18/2009 8:45,2/18/2009,3.5,7.75,3.736,3.736,3.736,3.046,2.352,0.391,1.191
2/18/2009 23:00,2/18/2009,0.03,0.25,0.309,0.176,0.132,0.06,0.03,0.001,0
2/22/2009 5:00,2/22/2009,1.11,7,1.27,1.27,1.27,1.125,0.701,0.101,0.114
2/26/2009 6:45,2/26/2009,0.1,0.25,0.8,0.488,0.384,0.2,0.1,0.004,0.001
2/27/2009 13:00,2/27/2009,0.57,2.5,0.452,0.452,0.452,0.402,0.295,0.048,0.019
2/27/2009 21:30,2/27/2009,0.66,2,1.24,1.125,1.125,1.033,0.544,0.058,0.06
2/28/2009 21:45,2/28/2009,2.05,4.5,1.421,1.421,1.421,1.251,1.078,0.198,0.248
3/1/2009 17:45,3/1/2009,4.43,15.75,1.289,1.289,1.289,1.284,1.16,0.402,0.516
3/11/2009 16:30,3/11/2009,0.07,0.25,0.4,0.32,0.293,0.14,0.07,0.005,0.001
3/14/2009 14:45,3/14/2009,0.72,4.5,1.243,0.926,0.821,0.449,0.278,0.057,0.026
3/15/2009 7:45,3/15/2009,0.88,12.25,1.524,1.029,0.864,0.448,0.27,0.068,0.031
3/16/2009 15:45,3/16/2009,3.19,11,1.433,1.433,1.433,1.215,0.693,0.288,0.35
3/19/2009 8:45,3/19/2009,1.91,4.25,1.084,1.084,1.084,1.068,0.943,0.176,0.188
3/25/2009 23:15,3/25/2009,10.56,18.5,3.895,3.895,3.895,3.017,2.711,1.211,3.653
3/27/2009 20:15,3/27/2009,19.48,9.75,12.878,12.878,12.878,9.818,7.948,2.784,27.332
3/28/2009 19:45,3/28/2009,0.54,6.25,0.918,0.918,0.918,0.642,0.381,0.047,0.03
3/29/2009 15:30,3/29/2009,16.17,4,58.425,58.425,58.425,31.782,16.088,4.418,140.41
3/31/2009 20:00,3/31/2009,0.81,6.25,0.499,0.448,0.448,0.433,0.303,0.068,0.03
4/1/2009 9:00,4/1/2009,0.29,5.25,1.24,0.7,0.52,0.42,0.218,0.017,0.007
4/2/2009 23:30,4/2/2009,37.21,15.5,27.119,27.119,27.119,15.231,12.621,6.998,106.584
4/5/2009 13:30,4/5/2009,0.05,0.25,0.426,0.267,0.213,0.1,0.05,0.002,0
4/5/2009 21:30,4/5/2009,4.64,16.75,2.352,2.352,2.352,1.501,0.978,0.433,0.65
4/11/2009 2:15,4/11/2009,15.86,11,3.409,3.409,3.409,3.273,2.659,1.778,5.821
4/13/2009 17:45,4/13/2009,5.39,13.75,2.693,2.693,2.693,2.627,1.606,0.547,1.436
4/14/2009 19:45,4/14/2009,0.1,0.25,0.72,0.48,0.4,0.2,0.1,0.005,0.001
4/15/2009 2:45,4/15/2009,26.21,18.5,10.145,10.145,10.145,8.817,7.009,3.447,30.391
4/19/2009 17:00,4/19/2009,41.62,32.75,17.829,17.829,17.829,16.671,8.816,6.904,115.101
4/21/2009 16:45,4/21/2009,4.05,24,3.554,3.554,3.554,1.872,1.412,0.426,0.798
4/25/2009 18:15,4/25/2009,0.93,5.75,1.821,1.821,1.821,1.471,0.757,0.093,0.137
4/26/2009 20:30,4/26/2009,0.26,2,0.2,0.176,0.176,0.167,0.161,0.021,0.004
4/29/2009 4:30,4/29/2009,3.65,4,3.843,3.843,3.843,3.817,2.778,0.434,1.657
5/1/2009 0:00,5/1/2009,1.27,14,0.467,0.467,0.467,0.459,0.427,0.108,0.049
5/1/2009 21:30,5/1/2009,0.64,12.5,0.529,0.529,0.529,0.361,0.304,0.055,0.02
5/2/2009 23:15,5/2/2009,44.56,39.75,7.424,7.424,7.424,6.349,5.965,5.634,35.767
5/5/2009 16:00,5/5/2009,6.33,5.75,5.399,5.399,5.399,4.642,4.583,0.864,4.011
5/6/2009 17:30,5/6/2009,16.9,9.25,9.65,9.65,9.65,7.205,4.218,2.463,17.747
5/7/2009 11:45,5/7/2009,1.43,15.25,0.718,0.585,0.541,0.408,0.283,0.119,0.049
5/8/2009 20:30,5/8/2009,0.91,5,0.853,0.853,0.853,0.601,0.423,0.078,0.047
5/11/2009 3:45,5/11/2009,0.05,4.75,0.207,0.135,0.111,0.057,0.031,0.003,0
5/11/2009 15:30,5/11/2009,0.77,5.5,0.599,0.595,0.595,0.472,0.26,0.065,0.031
5/14/2009 3:45,5/14/2009,0.44,7,0.751,0.581,0.524,0.503,0.283,0.035,0.018
5/14/2009 19:30,5/14/2009,1.28,5.5,1.447,1.447,1.447,1.406,1.053,0.124,0.175
5/16/2009 9:45,5/16/2009,0.03,0.5,0.14,0.098,0.084,0.056,0.03,0.002,0
5/16/2009 17:00,5/16/2009,4.85,14.75,2.157,2.157,2.157,2.01,1.503,0.473,0.951
5/23/2009 21:00,5/23/2009,0.01,0,0.12,0.06,0.04,0.02,0.01,0,0
5/25/2009 13:30,5/25/2009,49.84,20.75,39.815,39.815,39.815,32.724,24.747,10.114,330.964
5/27/2009 20:30,5/27/2009,0.69,1.25,1.146,0.746,0.64,0.627,0.567,0.056,0.035
5/28/2009 13:45,5/28/2009,4.99,13.5,4.563,4.563,4.563,3.211,2.083,0.539,1.731
5/29/2009 13:30,5/29/2009,8.94,4.5,7.379,7.379,7.379,5.267,3.869,1.213,6.39
5/31/2009 4:15,5/31/2009,1.78,2.25,1.601,1.601,1.601,1.428,1.323,0.175,0.25
5/31/2009 14:45,5/31/2009,0.01,0.25,0.08,0.05,0.04,0.02,0.01,0,0
6/1/2009 18:30,6/1/2009,0.02,0.25,0.16,0.1,0.08,0.04,0.02,0.001,0
6/3/2009 1:15,6/3/2009,10.53,2.75,29.682,22.991,20.761,13.986,7.189,1.703,23.821
6/3/2009 20:15,6/3/2009,27.12,3.25,41.406,38.97,38.158,21.86,14.093,6.16,134.659
6/4/2009 11:45,6/4/2009,30.29,30.5,4.293,4.293,4.293,4.275,3.61,3.203,13.69
6/9/2009 3:30,6/9/2009,0.89,3.5,0.807,0.807,0.807,0.589,0.436,0.077,0.045
6/9/2009 16:00,6/9/2009,5.95,2.25,20.6,20.276,20.168,10.739,5.722,1.321,14.187
6/10/2009 18:45,6/10/2009,20.51,14.5,27.747,27.747,27.747,26.315,19.117,5.092,133.993
6/12/2009 0:30,6/12/2009,0.91,3,1.21,1.21,1.21,0.898,0.548,0.077,0.069
6/13/2009 21:30,6/13/2009,6.13,6,12.981,12.981,12.981,9.442,5.476,1.076,10.156
6/17/2009 10:15,6/17/2009,5.25,5.75,3.985,3.985,3.985,2.945,2.06,0.571,1.682
6/17/2009 22:30,6/17/2009,15.32,16.5,26.396,26.396,26.396,18.995,11.711,3.087,58.637
6/28/2009 15:45,6/28/2009,0.17,3,0.226,0.167,0.147,0.084,0.082,0.013,0.001
6/30/2009 12:15,6/30/2009,0.45,0.5,2.411,1.903,1.734,0.896,0.45,0.037,0.033
6/30/2009 19:30,6/30/2009,5.22,6.75,13.64,13.64,13.64,7.135,3.606,0.979,6.987
7/1/2009 17:15,7/1/2009,7.26,4,18.011,18.011,18.011,12.497,6.659,1.47,18.371
7/2/2009 19:15,7/2/2009,0.05,0,0.6,0.3,0.2,0.1,0.05,0,0
7/3/2009 14:15,7/3/2009,0.02,0.25,0.16,0.1,0.08,0.04,0.02,0.001,0
7/6/2009 22:30,7/6/2009,0.11,0.5,0.593,0.453,0.406,0.223,0.11,0.008,0.002
7/11/2009 23:30,7/11/2009,0.05,0,0.6,0.3,0.2,0.1,0.05,0,0
7/17/2009 11:00,7/17/2009,0.93,5.5,1.567,1.567,1.567,1.039,0.77,0.088,0.092
7/17/2009 23:00,7/17/2009,0.03,0.25,0.204,0.138,0.116,0.06,0.03,0.001,0
7/20/2009 17:15,7/20/2009,0.13,2,0.331,0.199,0.155,0.137,0.113,0.009,0.001
7/21/2009 19:45,7/21/2009,1.2,4.5,5.514,4.241,3.816,1.91,0.956,0.115,0.22
7/22/2009 13:45,7/22/2009,3.82,0.5,9.648,9.648,9.648,7.629,3.82,0.685,5.224
7/23/2009 7:15,7/23/2009,3.38,1.75,8.867,8.867,8.867,6.403,3.259,0.562,3.597
7/23/2009 15:15,7/23/2009,8.07,8,12.153,12.153,12.153,9.463,6.483,1.312,12.42
7/24/2009 20:45,7/24/2009,0.53,1.25,1.152,1.152,1.152,0.671,0.519,0.049,0.033
7/25/2009 18:15,7/25/2009,5.49,3.75,8.366,8.366,8.366,6.752,3.991,0.779,5.262
7/26/2009 4:00,7/26/2009,0.28,3.5,0.319,0.319,0.319,0.195,0.134,0.022,0.004
7/28/2009 19:15,7/28/2009,0.04,0.25,0.22,0.166,0.148,0.08,0.04,0.002,0
7/29/2009 7:15,7/29/2009,0.98,16,1.217,1.217,1.217,0.835,0.549,0.089,0.074
7/31/2009 12:30,7/31/2009,10.48,2.75,15.295,15.295,15.295,11.175,8.008,1.863,20.82
8/1/2009 14:30,8/1/2009,0.02,0.25,0.192,0.12,0.096,0.04,0.02,0.001,0
8/2/2009 0:00,8/2/2009,11.71,10,22.554,22.554,22.554,16.037,8.045,2.461,39.469
8/5/2009 21:00,8/5/2009,1.85,8.75,0.888,0.888,0.888,0.866,0.69,0.164,0.142
8/8/2009 4:15,8/8/2009,0.05,1.5,0.15,0.09,0.07,0.05,0.034,0.003,0
8/8/2009 19:45,8/8/2009,0.1,1.75,0.292,0.202,0.172,0.101,0.068,0.007,0.001
8/9/2009 4:30,8/9/2009,0.02,0,0.24,0.12,0.08,0.04,0.02,0,0
8/10/2009 20:00,8/10/2009,15.67,0.5,143.205,82.591,62.386,31.325,15.67,1.401,43.891
8/11/2009 19:30,8/11/2009,0.19,4.25,0.256,0.16,0.128,0.072,0.063,0.015,0.001
8/12/2009 20:30,8/12/2009,14.52,4.5,18.773,18.773,18.773,15.463,13.282,3.049,47.148
8/16/2009 6:00,8/16/2009,0.02,0.25,0.16,0.1,0.08,0.04,0.02,0.001,0
8/17/2009 6:15,8/17/2009,0.02,0.25,0.16,0.1,0.08,0.04,0.02,0.001,0
8/18/2009 15:45,8/18/2009,10.38,8.5,8.965,8.864,8.83,7.888,5.273,1.628,12.838
8/21/2009 13:15,8/21/2009,27.97,20,20.236,20.167,20.144,16.247,8.676,5.234,85.043
8/22/2009 15:45,8/22/2009,7.61,6.5,4.469,4.469,4.469,4.049,3.492,0.879,3.56
8/24/2009 1:00,8/24/2009,0.01,0,0.12,0.06,0.04,0.02,0.01,0,0
8/24/2009 20:00,8/24/2009,0.07,0.75,0.272,0.188,0.16,0.127,0.07,0.005,0.001
8/27/2009 20:15,8/27/2009,29.21,7,49.62,49.62,49.62,34.339,21.981,7.238,248.542
8/28/2009 12:00,8/28/2009,1.17,18.75,2.064,2.064,2.064,1.827,0.938,0.12,0.219
8/29/2009 19:00,8/29/2009,12.46,6,30.375,25.04,23.261,20.019,12.257,2.642,52.895
9/7/2009 17:45,9/7/2009,6.07,2,39.382,22.892,17.396,8.802,4.74,0.443,3.901
9/8/2009 7:15,9/8/2009,0.04,0.25,0.36,0.2,0.147,0.08,0.04,0.001,0
9/8/2009 19:45,9/8/2009,1.42,29.75,1.52,1.52,1.52,1.2,0.691,0.13,0.156
9/10/2009 19:45,9/10/2009,58.62,27,13.843,13.843,13.843,12.221,10.663,9.37,114.51
9/15/2009 15:30,9/15/2009,0.24,0.25,2.32,1.3,0.96,0.48,0.24,0.006,0.003
9/16/2009 3:30,9/16/2009,0.43,0.5,1.96,1.658,1.557,0.852,0.43,0.038,0.032
9/16/2009 19:00,9/16/2009,4.79,2.5,7.328,7.268,7.248,4.314,2.499,0.678,2.923
9/17/2009 6:45,9/17/2009,0.36,1.25,2.227,1.218,0.882,0.51,0.325,0.016,0.008
9/19/2009 21:00,9/19/2009,0.12,0.25,1.12,0.64,0.48,0.24,0.12,0.003,0.001
9/22/2009 15:15,9/22/2009,0.15,1,0.328,0.327,0.327,0.203,0.146,0.01,0.002
9/23/2009 22:15,9/23/2009,0.03,0.25,0.203,0.143,0.123,0.06,0.03,0.002,0
9/24/2009 13:15,9/24/2009,2.85,18.25,0.593,0.593,0.593,0.47,0.453,0.246,0.115
9/25/2009 18:45,9/25/2009,0.01,0.25,0.08,0.05,0.04,0.02,0.01,0,0
9/26/2009 14:30,9/26/2009,32.85,13,11.161,11.161,11.161,8.497,7.721,4.589,38.993
9/27/2009 16:00,9/27/2009,0.29,3.75,1.122,0.816,0.714,0.369,0.196,0.021,0.008
9/28/2009 14:30,9/28/2009,4.74,1,10.701,10.701,10.701,7.908,4.742,0.811,6.416
10/2/2009 2:45,10/2/2009,0.04,0,0.48,0.24,0.16,0.08,0.04,0,0
10/2/2009 18:30,10/2/2009,0.86,3.5,1.971,1.971,1.971,1.304,0.726,0.083,0.108
10/7/2009 0:15,10/7/2009,1.01,4.5,2.134,2.134,2.134,1.3,0.754,0.099,0.129
10/8/2009 20:15,10/8/2009,0.62,8.25,0.783,0.783,0.783,0.51,0.35,0.053,0.027
10/10/2009 8:00,10/10/2009,0.61,3.5,0.546,0.546,0.546,0.478,0.279,0.051,0.025
10/14/2009 14:15,10/14/2009,0.77,8.5,0.666,0.666,0.666,0.643,0.561,0.066,0.043
10/15/2009 6:00,10/15/2009,20.68,13.25,7.661,7.661,7.661,7.218,6.349,2.739,19.767
10/16/2009 3:30,10/16/2009,0.16,0.25,1.6,0.88,0.64,0.32,0.16,0.003,0.001
10/16/2009 23:15,10/16/2009,61.91,30.25,26.078,26.078,26.078,20.477,16.755,11.199,229.326
10/23/2009 12:00,10/23/2009,1.01,10.25,1.144,1.144,1.144,0.737,0.466,0.085,0.062
10/24/2009 11:30,10/24/2009,14.44,5.25,12.029,12.029,12.029,9.143,6.678,2.387,21.829
10/27/2009 0:45,10/27/2009,51.48,29.25,33.78,19.988,15.39,13.696,11.143,7.955,108.947
10/31/2009 16:00,10/31/2009,9.25,20.5,2.79,2.79,2.79,2.169,1.608,0.925,2.007
11/1/2009 21:45,11/1/2009,0.4,5.5,0.293,0.233,0.233,0.2,0.154,0.032,0.006
11/5/2009 13:15,11/5/2009,0.79,4,2.347,2.347,2.347,1.293,0.655,0.079,0.102
11/10/2009 18:30,11/10/2009,18.66,49.75,2.169,2.169,2.169,1.876,1.619,1.765,3.312
11/13/2009 3:30,11/13/2009,10.88,9.25,11.853,11.853,11.853,8.672,6.808,1.716,14.88
11/19/2009 14:00,11/19/2009,19.44,11,24.899,24.899,24.899,21.89,12.379,4.027,88.147
11/23/2009 9:30,11/23/2009,14.64,19.5,8.213,8.213,8.213,5.296,3.653,1.846,9.778
11/27/2009 2:15,11/27/2009,1.12,2.75,0.947,0.947,0.947,0.856,0.704,0.101,0.086
11/30/2009 8:30,11/30/2009,5.47,10.25,3.479,3.479,3.479,3.416,2.643,0.589,2.012
12/2/2009 12:45,12/2/2009,18.52,16,11.679,11.679,11.679,8.644,4.606,2.397,20.717
12/5/2009 4:15,12/5/2009,9.82,15,2.683,2.683,2.683,2.615,2.175,1.001,2.617
12/8/2009 21:15,12/8/2009,40.22,10.25,11.729,11.729,11.729,10.363,9.383,6.252,64.795
12/13/2009 6:00,12/13/2009,20.32,9.25,9.775,9.775,9.775,8.478,7.655,2.945,24.969
12/18/2009 21:30,12/18/2009,26.75,25,4.093,4.093,4.093,3.51,2.933,2.877,10.099
12/25/2009 16:00,12/25/2009,23.86,13.25,10.101,10.101,10.101,8.502,8.162,3.711,31.555
12/31/2009 3:45,12/31/2009,6.8,3.5,3.933,3.933,3.933,3.347,2.719,0.799,2.675
12/31/2009 15:15,12/31/2009,3.29,3.5,3.595,3.595,3.595,2.567,1.699,0.37,0.95
